Number of header lines:,36,,,,,,,,,,
Experiment,Xenobot Movement Study,,,,,,,,,,
System Independent Variable,,,,,,,,,,,
Trial name,Trial     1,,,,,,,,,,
Trial ID,0,,,,,,,,,,
Arena name,Arena 1,,,,,,,,,,
Arena ID,0,,,,,,,,,,
Subject name,Mixed Xenobot 5,,,,,,,,,,
Subject ID,4,,,,,,,,,,
Arena settings,Arena Settings 1,,,,,,,,,,
Detection settings,Detection Settings 1,,,,,,,,,,
Trial Control settings,Trial Control Settings 1,,,,,,,,,,
Start time,01/01/2024 00:00:00.000,,,,,,,,,,
Trial duration,+ 00:05:00.000,,,,,,,,,,
Recording after,+ 00:00:00.000,,,,,,,,,,
Recording duration,+ 00:05:00.000,,,,,,,,,,
Track,Track_mixed_xenobot_5.trk,,,,,,,,,,
Tracking source,,,,,,,,,,,
Video file,mixed_xenobot_5.MOV,,,,,,,,,,
Video start time,01/01/2024 00:00:00.000,,,,,,,,,,
Trial status,Acquired,,,,,,,,,,
Acquisition status,Acquired,,,,,,,,,,
Track status,Acquired,,,,,,,,,,
Video file status,External,,,,,,,,,,
Sync status,Not available,,,,,,,,,,
Reference duration,+ 00:05:00.000,,,,,,,,,,
Reference time,01/01/2024 00:00:00.000,,,,,,,,,,
Sof file,,,,,,,,,,,
Missed samples,0.0 %,,,,,,,,,,
Subject not found,0.0 %,,,,,,,,,,
Interpolated samples,0.0 %,,,,,,,,,,
Postprocessor (SIR) calculation result,Tr::eIdrUndefined,,,,,,,,,,
LED pattern,,,,,,,,,,,
,,,,,,,,,,,
Trial time,Recording time,X center,Y center,Area,Areachange,Elongation,Distance moved,Velocity,Heading,Angular velocity,Result 1
s,s,mm,mm,mm²,mm²,,mm,mm/s,deg,deg/s,
0.033,0.0,5.00073,4.99883,0.25,0.01,0.05,0.02,0.957,0.5,1243.8,1
0.066,0.033,5.00082,4.99936,0.25,0.01,0.05,0.02,3.668,33.6,1459.4,1
0.099,0.066,4.99977,4.99959,0.25,0.01,0.05,0.02,1.97,341.6,677.5,1
0.132,0.099,4.99959,5.00039,0.25,0.01,0.05,0.02,3.281,22.7,1018.1,1
0.165,0.132,5.00014,5.00122,0.25,0.01,0.05,0.02,3.682,22.8,1280.0,1
0.198,0.165,5.00207,5.0024,0.25,0.01,0.05,0.02,2.689,70.8,1380.9,1
0.231,0.198,5.00194,5.00207,0.25,0.01,0.05,0.02,2.89,16.0,972.3,1
0.264,0.231,5.0028,5.00214,0.25,0.01,0.05,0.02,2.495,339.2,1735.1,1
0.297,0.264,5.00348,5.00337,0.25,0.01,0.05,0.02,1.639,340.5,1164.9,1
0.33,0.297,5.00502,5.00131,0.25,0.01,0.05,0.02,1.16,299.4,1316.5,1
0.363,0.33,5.00309,5.00106,0.25,0.01,0.05,0.02,2.286,313.3,1716.4,1
0.396,0.363,5.00386,5.00089,0.25,0.01,0.05,0.02,4.671,335.8,843.1,1
0.429,0.396,5.00383,4.9993,0.25,0.01,0.05,0.02,3.726,320.9,701.8,1
0.462,0.429,5.00445,5.00027,0.25,0.01,0.05,0.02,4.389,320.0,602.4,1
0.495,0.462,5.00475,4.99855,0.25,0.01,0.05,0.02,2.796,310.7,431.2,1
0.528,0.495,5.00374,4.99907,0.25,0.01,0.05,0.02,2.265,324.9,1089.9,1
0.561,0.528,5.00432,4.9979,0.25,0.01,0.05,0.02,3.129,339.9,726.8,1
0.594,0.561,5.00508,4.99851,0.25,0.01,0.05,0.02,2.004,282.3,321.6,1
0.627,0.594,5.00322,4.99933,0.25,0.01,0.05,0.02,2.084,284.9,1411.6,1
0.66,0.627,5.00306,4.99846,0.25,0.01,0.05,0.02,0.786,306.2,857.1,1
0.693,0.66,5.00282,4.9989,0.25,0.01,0.05,0.02,2.395,350.3,1176.9,1
0.726,0.693,5.00399,4.9988,0.25,0.01,0.05,0.02,4.29,319.0,385.7,1
0.759,0.726,5.00342,4.99789,0.25,0.01,0.05,0.02,2.581,274.2,1001.8,1
0.792,0.759,5.00254,4.99708,0.25,0.01,0.05,0.02,2.732,235.7,1339.8,1
0.825,0.792,5.00312,4.99888,0.25,0.01,0.05,0.02,1.252,214.6,1429.8,1
0.858,0.825,5.00328,4.99839,0.25,0.01,0.05,0.02,2.306,231.9,687.2,1
0.891,0.858,5.00337,4.99948,0.25,0.01,0.05,0.02,3.006,221.9,538.2,1
0.924,0.891,5.00506,5.00125,0.25,0.01,0.05,0.02,4.709,183.0,1314.9,1
0.957,0.924,5.00516,5.00426,0.25,0.01,0.05,0.02,0.928,151.3,1743.8,1
0.99,0.957,5.0028,5.00452,0.25,0.01,0.05,0.02,3.792,177.6,734.5,1
1.023,0.99,5.00195,5.00471,0.25,0.01,0.05,0.02,1.044,197.8,1117.6,1
1.056,1.023,5.00303,5.003,0.25,0.01,0.05,0.02,4.779,152.6,830.4,1
1.089,1.056,5.00463,5.00394,0.25,0.01,0.05,0.02,0.884,175.8,1394.1,1
1.122,1.089,5.00634,5.00307,0.25,0.01,0.05,0.02,1.312,187.3,736.1,1
1.155,1.122,5.00712,5.00267,0.25,0.01,0.05,0.02,3.151,147.9,925.1,1
1.188,1.155,5.00675,4.99986,0.25,0.01,0.05,0.02,1.77,150.3,981.3,1
1.221,1.188,5.00642,4.9987,0.25,0.01,0.05,0.02,3.36,164.9,696.6,1
1.254,1.221,5.00429,4.9984,0.25,0.01,0.05,0.02,4.286,151.7,1213.1,1
1.287,1.254,5.00383,4.99994,0.25,0.01,0.05,0.02,2.195,206.2,462.0,1
1.32,1.287,5.00329,5.00034,0.25,0.01,0.05,0.02,3.326,151.3,317.5,1
1.353,1.32,5.00245,5.00065,0.25,0.01,0.05,0.02,2.6,203.1,636.1,1
1.386,1.353,5.00305,5.00242,0.25,0.01,0.05,0.02,1.766,252.0,358.9,1
1.419,1.386,5.00191,5.00287,0.25,0.01,0.05,0.02,4.282,232.2,1566.6,1
1.452,1.419,5.00201,5.00403,0.25,0.01,0.05,0.02,1.337,181.2,599.5,1
1.485,1.452,5.00198,5.00399,0.25,0.01,0.05,0.02,1.671,191.6,1363.2,1
1.518,1.485,5.00065,5.00589,0.25,0.01,0.05,0.02,3.528,172.3,406.0,1
1.551,1.518,5.0003,5.00507,0.25,0.01,0.05,0.02,3.056,176.1,1438.0,1
1.584,1.551,4.9995,5.00435,0.25,0.01,0.05,0.02,4.784,130.7,583.7,1
1.617,1.584,5.00116,5.00298,0.25,0.01,0.05,0.02,2.058,100.0,724.0,1
1.65,1.617,5.00158,5.00411,0.25,0.01,0.05,0.02,3.82,136.0,1663.3,1
1.683,1.65,5.00164,5.00321,0.25,0.01,0.05,0.02,2.279,121.3,705.2,1
1.716,1.683,5.00041,5.0031,0.25,0.01,0.05,0.02,4.13,77.9,1324.1,1
1.749,1.716,4.99954,5.00458,0.25,0.01,0.05,0.02,1.588,64.2,1536.4,1
1.782,1.749,4.9986,5.00498,0.25,0.01,0.05,0.02,4.359,73.0,901.2,1
1.815,1.782,4.99799,5.00355,0.25,0.01,0.05,0.02,3.937,120.0,430.1,1
1.848,1.815,4.99819,5.00263,0.25,0.01,0.05,0.02,1.861,111.8,1090.9,1
1.881,1.848,4.99832,5.001,0.25,0.01,0.05,0.02,3.289,87.1,1256.0,1
1.914,1.881,4.99873,5.00185,0.25,0.01,0.05,0.02,2.265,136.3,720.3,1
1.947,1.914,4.99851,5.00248,0.25,0.01,0.05,0.02,4.269,98.3,1711.8,1
1.98,1.947,4.99613,5.00335,0.25,0.01,0.05,0.02,3.694,94.0,1602.1,1
2.013,1.98,4.99637,5.00366,0.25,0.01,0.05,0.02,2.243,74.7,1342.8,1
2.046,2.013,4.99703,5.00374,0.25,0.01,0.05,0.02,4.723,89.6,1378.7,1
2.079,2.046,4.99621,5.00292,0.25,0.01,0.05,0.02,2.871,120.9,1437.0,1
2.112,2.079,4.99527,5.00281,0.25,0.01,0.05,0.02,4.07,85.7,1661.6,1
2.145,2.112,4.99443,5.00493,0.25,0.01,0.05,0.02,1.045,63.4,962.4,1
2.178,2.145,4.9939,5.00522,0.25,0.01,0.05,0.02,2.394,65.2,916.3,1
2.211,2.178,4.99375,5.00434,0.25,0.01,0.05,0.02,0.895,123.5,908.6,1
2.244,2.211,4.99256,5.0041,0.25,0.01,0.05,0.02,3.005,137.9,1432.2,1
2.277,2.244,4.99332,5.00454,0.25,0.01,0.05,0.02,3.349,186.7,783.7,1
2.31,2.277,4.99267,5.00413,0.25,0.01,0.05,0.02,1.108,234.3,1268.5,1
2.343,2.31,4.99189,5.00375,0.25,0.01,0.05,0.02,2.164,255.2,1463.3,1
2.376,2.343,4.9925,5.00272,0.25,0.01,0.05,0.02,0.698,202.3,1394.2,1
2.409,2.376,4.99433,5.0018,0.25,0.01,0.05,0.02,1.629,144.0,899.1,1
2.442,2.409,4.99327,5.00203,0.25,0.01,0.05,0.02,0.634,197.1,510.5,1
2.475,2.442,4.99311,5.00119,0.25,0.01,0.05,0.02,3.554,219.0,429.3,1
2.508,2.475,4.992,5.0015,0.25,0.01,0.05,0.02,2.46,201.0,1549.3,1
2.541,2.508,4.98968,5.00134,0.25,0.01,0.05,0.02,4.339,214.4,1739.3,1
2.574,2.541,4.98871,5.00269,0.25,0.01,0.05,0.02,3.523,182.6,781.2,1
2.607,2.574,4.98751,5.00385,0.25,0.01,0.05,0.02,0.842,224.2,1594.7,1
2.64,2.607,4.98734,5.00195,0.25,0.01,0.05,0.02,2.836,179.4,666.0,1
2.673,2.64,4.98521,5.00177,0.25,0.01,0.05,0.02,4.078,180.6,1797.0,1
2.706,2.673,4.98559,5.00099,0.25,0.01,0.05,0.02,1.914,128.4,1146.6,1
2.739,2.706,4.98472,5.00188,0.25,0.01,0.05,0.02,4.432,177.0,1468.4,1
2.772,2.739,4.9836,5.00136,0.25,0.01,0.05,0.02,2.796,231.8,1130.9,1
2.805,2.772,4.98325,5.00057,0.25,0.01,0.05,0.02,4.423,255.2,815.8,1
2.838,2.805,4.98401,5.00124,0.25,0.01,0.05,0.02,2.017,221.6,531.6,1
2.871,2.838,4.98378,4.99932,0.25,0.01,0.05,0.02,0.989,235.7,429.6,1
2.904,2.871,4.98356,5.00058,0.25,0.01,0.05,0.02,4.231,268.4,311.5,1
2.937,2.904,4.98469,5.00148,0.25,0.01,0.05,0.02,3.522,318.1,1636.4,1
2.97,2.937,4.98405,5.00269,0.25,0.01,0.05,0.02,0.655,13.1,1685.5,1
3.003,2.97,4.98317,5.00243,0.25,0.01,0.05,0.02,1.387,61.6,1405.3,1
3.036,3.003,4.98262,5.00175,0.25,0.01,0.05,0.02,1.358,63.9,1775.4,1
3.069,3.036,4.98308,5.00248,0.25,0.01,0.05,0.02,3.125,92.5,1497.6,1
3.102,3.069,4.98318,4.99918,0.25,0.01,0.05,0.02,0.795,54.0,1302.8,1
3.135,3.102,4.98225,5.00066,0.25,0.01,0.05,0.02,4.558,5.8,1409.1,1
3.168,3.135,4.98249,5.00127,0.25,0.01,0.05,0.02,2.838,17.3,580.5,1
3.201,3.168,4.98235,5.00146,0.25,0.01,0.05,0.02,2.385,324.0,867.2,1
3.234,3.201,4.98174,5.00065,0.25,0.01,0.05,0.02,1.837,17.2,1254.3,1
3.267,3.234,4.98211,5.00158,0.25,0.01,0.05,0.02,4.53,27.7,344.8,1
3.3,3.267,4.98113,5.00125,0.25,0.01,0.05,0.02,1.205,355.5,604.6,1
3.333,3.3,4.97944,5.00127,0.25,0.01,0.05,0.02,1.733,352.3,1455.3,1
3.366,3.333,4.97816,5.00099,0.25,0.01,0.05,0.02,1.41,302.7,1055.0,1
3.399,3.366,4.97719,5.00207,0.25,0.01,0.05,0.02,2.148,269.6,837.6,1
3.432,3.399,4.9785,5.00322,0.25,0.01,0.05,0.02,1.995,210.0,484.9,1
3.465,3.432,4.97784,5.0033,0.25,0.01,0.05,0.02,2.599,215.8,1576.5,1
3.498,3.465,4.97832,5.00273,0.25,0.01,0.05,0.02,1.406,262.7,1615.4,1
3.531,3.498,4.97894,5.00332,0.25,0.01,0.05,0.02,1.561,319.4,1492.7,1
3.564,3.531,4.9794,5.00395,0.25,0.01,0.05,0.02,4.291,2.6,629.6,1
3.597,3.564,4.97971,5.00376,0.25,0.01,0.05,0.02,4.28,352.7,1657.2,1
3.63,3.597,4.97989,5.0029,0.25,0.01,0.05,0.02,1.769,330.4,789.5,1
3.663,3.63,4.98038,5.00224,0.25,0.01,0.05,0.02,2.503,14.9,764.0,1
3.696,3.663,4.98128,5.00205,0.25,0.01,0.05,0.02,2.834,331.4,1468.1,1
3.729,3.696,4.97979,5.00279,0.25,0.01,0.05,0.02,0.806,302.0,1532.7,1
3.762,3.729,4.9777,5.00202,0.25,0.01,0.05,0.02,3.883,251.5,1552.8,1
3.795,3.762,4.98036,5.00204,0.25,0.01,0.05,0.02,0.855,271.7,1022.7,1
3.828,3.795,4.98072,5.00287,0.25,0.01,0.05,0.02,4.255,234.4,1615.1,1
3.861,3.828,4.98127,5.0025,0.25,0.01,0.05,0.02,1.953,194.0,816.2,1
3.894,3.861,4.98233,5.00246,0.25,0.01,0.05,0.02,2.459,158.9,1552.9,1
3.927,3.894,4.98225,5.00243,0.25,0.01,0.05,0.02,3.106,217.1,1486.8,1
3.96,3.927,4.98104,5.00227,0.25,0.01,0.05,0.02,2.824,240.0,1607.5,1
3.993,3.96,4.98088,5.0027,0.25,0.01,0.05,0.02,1.781,211.6,1758.1,1
4.026,3.993,4.98084,5.00157,0.25,0.01,0.05,0.02,3.826,264.5,1755.0,1
4.059,4.026,4.98095,5.0012,0.25,0.01,0.05,0.02,3.949,227.7,1163.7,1
4.092,4.059,4.98193,4.99922,0.25,0.01,0.05,0.02,3.584,194.8,1395.1,1
4.125,4.092,4.9818,4.99785,0.25,0.01,0.05,0.02,4.122,182.4,892.9,1
4.158,4.125,4.98363,4.99809,0.25,0.01,0.05,0.02,3.232,138.6,756.5,1
4.191,4.158,4.98266,4.9993,0.25,0.01,0.05,0.02,0.967,183.2,1040.0,1
4.224,4.191,4.98148,4.99708,0.25,0.01,0.05,0.02,1.984,222.8,1354.6,1
4.257,4.224,4.98412,4.99813,0.25,0.01,0.05,0.02,2.575,216.4,1546.8,1
4.29,4.257,4.98404,4.99748,0.25,0.01,0.05,0.02,4.37,195.2,647.4,1
4.323,4.29,4.98302,4.99743,0.25,0.01,0.05,0.02,1.098,161.1,967.9,1
4.356,4.323,4.98347,4.99939,0.25,0.01,0.05,0.02,3.658,203.5,580.6,1
4.389,4.356,4.98324,5.00047,0.25,0.01,0.05,0.02,1.262,183.4,1202.5,1
4.422,4.389,4.98321,5.00059,0.25,0.01,0.05,0.02,3.878,145.1,366.6,1
4.455,4.422,4.98277,5.00013,0.25,0.01,0.05,0.02,1.726,171.9,941.4,1
4.488,4.455,4.98224,4.9993,0.25,0.01,0.05,0.02,3.279,205.9,1440.0,1
4.521,4.488,4.98133,5.00019,0.25,0.01,0.05,0.02,0.66,159.6,983.0,1
4.554,4.521,4.98048,5.00064,0.25,0.01,0.05,0.02,4.259,218.7,1673.4,1
4.587,4.554,4.98151,5.00093,0.25,0.01,0.05,0.02,2.343,164.4,934.2,1
4.62,4.587,4.98169,5.0014,0.25,0.01,0.05,0.02,2.313,154.7,921.1,1
4.653,4.62,4.98197,5.00154,0.25,0.01,0.05,0.02,3.202,164.3,1407.1,1
4.686,4.653,4.98123,5.00098,0.25,0.01,0.05,0.02,2.55,123.5,1184.7,1
4.719,4.686,4.98137,5.00064,0.25,0.01,0.05,0.02,3.82,73.7,1596.5,1
4.752,4.719,4.97937,5.00065,0.25,0.01,0.05,0.02,3.028,76.2,1092.5,1
4.785,4.752,4.97959,5.00123,0.25,0.01,0.05,0.02,1.242,76.5,1744.6,1
4.818,4.785,4.97914,5.00258,0.25,0.01,0.05,0.02,2.495,94.7,612.4,1
4.851,4.818,4.97967,5.00315,0.25,0.01,0.05,0.02,4.404,87.1,1061.2,1
4.884,4.851,4.98062,5.00287,0.25,0.01,0.05,0.02,1.264,32.9,1784.7,1
4.917,4.884,4.98079,5.00095,0.25,0.01,0.05,0.02,1.14,48.4,929.0,1
4.95,4.917,4.98157,5.00042,0.25,0.01,0.05,0.02,0.643,80.1,1709.0,1
4.983,4.95,5.02945,5.01483,0.25,0.01,0.05,0.02,93.484,16.8,157.3,1
5.016,4.983,5.07683,5.0308,0.25,0.01,0.05,0.02,91.803,18.6,127.9,1
5.049,5.016,5.12424,5.04669,0.25,0.01,0.05,0.02,90.662,18.5,256.7,1
5.082,5.049,5.17199,5.0615,0.25,0.01,0.05,0.02,90.266,17.2,205.2,1
5.115,5.082,5.21922,5.07793,0.25,0.01,0.05,0.02,94.292,19.2,98.4,1
5.148,5.115,5.26748,5.09099,0.25,0.01,0.05,0.02,85.263,15.1,174.4,1
5.181,5.148,5.31527,5.10568,0.25,0.01,0.05,0.02,95.196,17.1,77.1,1
5.214,5.181,5.36336,5.11938,0.25,0.01,0.05,0.02,84.445,15.9,107.0,1
5.247,5.214,5.41084,5.13505,0.25,0.01,0.05,0.02,94.259,18.3,127.6,1
5.28,5.247,5.45817,5.15116,0.25,0.01,0.05,0.02,92.65,18.8,280.4,1
5.313,5.28,5.50565,5.16683,0.25,0.01,0.05,0.02,94.645,18.3,172.1,1
5.346,5.313,5.55346,5.18147,0.25,0.01,0.05,0.02,95.011,17.0,223.4,1
5.379,5.346,5.60118,5.19642,0.25,0.01,0.05,0.02,93.941,17.4,248.8,1
5.412,5.379,5.64847,5.21265,0.25,0.01,0.05,0.02,91.094,18.9,144.3,1
5.445,5.412,5.69625,5.22738,0.25,0.01,0.05,0.02,95.186,17.1,260.3,1
5.478,5.445,5.74437,5.24098,0.25,0.01,0.05,0.02,88.896,15.8,71.1,1
5.511,5.478,5.79171,5.25705,0.25,0.01,0.05,0.02,95.93,18.8,271.5,1
5.544,5.511,5.83917,5.2728,0.25,0.01,0.05,0.02,93.099,18.4,183.8,1
5.577,5.544,5.88692,5.28762,0.25,0.01,0.05,0.02,95.483,17.2,203.2,1
5.61,5.577,5.93427,5.30368,0.25,0.01,0.05,0.02,94.085,18.7,150.7,1
5.643,5.61,5.98186,5.31902,0.25,0.01,0.05,0.02,92.507,17.9,74.1,1
5.676,5.643,6.02936,5.33464,0.25,0.01,0.05,0.02,94.99,18.2,232.8,1
5.709,5.676,6.07659,5.35106,0.25,0.01,0.05,0.02,84.276,19.2,119.2,1
5.742,5.709,6.12409,5.36665,0.25,0.01,0.05,0.02,86.462,18.2,179.1,1
5.775,5.742,6.17139,5.38287,0.25,0.01,0.05,0.02,90.71,18.9,252.2,1
5.808,5.775,6.21927,5.39726,0.25,0.01,0.05,0.02,87.329,16.7,80.1,1
5.841,5.808,6.26708,5.4119,0.25,0.01,0.05,0.02,94.765,17.0,140.4,1
5.874,5.841,6.31468,5.4272,0.25,0.01,0.05,0.02,88.605,17.8,226.3,1
5.907,5.874,6.36213,5.44298,0.25,0.01,0.05,0.02,84.832,18.4,270.2,1
5.94,5.907,6.40986,5.45788,0.25,0.01,0.05,0.02,84.354,17.3,121.6,1
5.973,5.94,6.45774,5.47226,0.25,0.01,0.05,0.02,85.659,16.7,189.9,1
6.006,5.973,6.50488,5.48893,0.25,0.01,0.05,0.02,89.707,19.5,155.4,1
6.039,6.006,6.55303,5.5024,0.25,0.01,0.05,0.02,90.146,15.6,100.1,1
6.072,6.039,6.60058,5.51788,0.25,0.01,0.05,0.02,90.947,18.0,244.9,1
6.105,6.072,6.64823,5.53301,0.25,0.01,0.05,0.02,94.754,17.6,235.3,1
6.138,6.105,6.69568,5.54879,0.25,0.01,0.05,0.02,92.28,18.4,293.3,1
6.171,6.138,6.74317,5.56442,0.25,0.01,0.05,0.02,86.952,18.2,104.9,1
6.204,6.171,6.79083,5.57955,0.25,0.01,0.05,0.02,95.885,17.6,257.1,1
6.237,6.204,6.83832,5.5952,0.25,0.01,0.05,0.02,86.711,18.2,193.3,1
6.27,6.237,6.8863,5.60926,0.25,0.01,0.05,0.02,94.75,16.3,238.5,1
6.303,6.27,6.93375,5.62501,0.25,0.01,0.05,0.02,84.469,18.4,267.3,1
6.336,6.303,6.98152,5.63979,0.25,0.01,0.05,0.02,85.732,17.2,102.6,1
6.369,6.336,7.02952,5.65378,0.25,0.01,0.05,0.02,94.562,16.3,114.3,1
6.402,6.369,7.07745,5.66804,0.25,0.01,0.05,0.02,89.375,16.6,121.4,1
6.435,6.402,7.12497,5.68357,0.25,0.01,0.05,0.02,88.712,18.1,254.5,1
6.468,6.435,7.17276,5.69828,0.25,0.01,0.05,0.02,94.759,17.1,276.2,1
6.501,6.468,7.2205,5.71314,0.25,0.01,0.05,0.02,87.764,17.3,88.5,1
6.534,6.501,7.26825,5.72798,0.25,0.01,0.05,0.02,90.558,17.3,147.5,1
6.567,6.534,7.31543,5.74452,0.25,0.01,0.05,0.02,90.445,19.3,72.1,1
6.6,6.567,7.36288,5.76028,0.25,0.01,0.05,0.02,87.223,18.4,94.1,1
6.633,6.6,7.41031,5.7761,0.25,0.01,0.05,0.02,95.655,18.5,100.0,1
6.666,6.633,7.45824,5.79034,0.25,0.01,0.05,0.02,94.577,16.5,135.3,1
6.699,6.666,7.50588,5.80552,0.25,0.01,0.05,0.02,88.49,17.7,96.3,1
6.732,6.699,7.55337,5.82118,0.25,0.01,0.05,0.02,93.721,18.2,110.2,1
6.765,6.732,7.6013,5.83539,0.25,0.01,0.05,0.02,84.511,16.5,218.0,1
6.798,6.765,7.64874,5.8512,0.25,0.01,0.05,0.02,89.7,18.4,95.6,1
6.831,6.798,7.69677,5.8651,0.25,0.01,0.05,0.02,87.034,16.1,274.8,1
6.864,6.831,7.74422,5.88087,0.25,0.01,0.05,0.02,84.058,18.4,106.7,1
6.897,6.864,7.79211,5.89524,0.25,0.01,0.05,0.02,94.71,16.7,79.8,1
6.93,6.897,7.8399,5.90994,0.25,0.01,0.05,0.02,85.64,17.1,245.7,1
6.963,6.93,7.88777,5.92438,0.25,0.01,0.05,0.02,88.819,16.8,167.2,1
6.996,6.963,7.93546,5.93939,0.25,0.01,0.05,0.02,89.591,17.5,132.4,1
7.029,6.996,7.98285,5.95533,0.25,0.01,0.05,0.02,84.503,18.6,80.6,1
7.062,7.029,8.03081,5.96947,0.25,0.01,0.05,0.02,87.575,16.4,258.1,1
7.095,7.062,8.07851,5.98446,0.25,0.01,0.05,0.02,95.027,17.4,149.5,1
7.128,7.095,8.12623,5.9994,0.25,0.01,0.05,0.02,88.018,17.4,294.6,1
7.161,7.128,8.17423,6.0134,0.25,0.01,0.05,0.02,84.76,16.3,108.1,1
7.194,7.161,8.22179,6.02882,0.25,0.01,0.05,0.02,86.477,18.0,179.6,1
7.227,7.194,8.26971,6.04309,0.25,0.01,0.05,0.02,91.89,16.6,67.9,1
7.26,7.227,8.31755,6.05762,0.25,0.01,0.05,0.02,89.293,16.9,157.4,1
7.293,7.26,8.36511,6.07305,0.25,0.01,0.05,0.02,86.867,18.0,280.9,1
7.326,7.293,8.41281,6.08806,0.25,0.01,0.05,0.02,91.803,17.5,195.9,1
7.359,7.326,8.46074,6.1023,0.25,0.01,0.05,0.02,94.771,16.6,106.1,1
7.392,7.359,8.50816,6.11813,0.25,0.01,0.05,0.02,85.8,18.5,173.7,1
7.425,7.392,8.55576,6.13344,0.25,0.01,0.05,0.02,87.356,17.8,93.1,1
7.458,7.425,8.60355,6.14814,0.25,0.01,0.05,0.02,92.161,17.1,175.8,1
7.491,7.458,8.65072,6.16472,0.25,0.01,0.05,0.02,94.723,19.4,182.3,1
7.524,7.491,8.69852,6.17939,0.25,0.01,0.05,0.02,88.824,17.1,246.6,1
7.557,7.524,8.74635,6.19396,0.25,0.01,0.05,0.02,91.06,16.9,225.2,1
7.59,7.557,8.79411,6.20878,0.25,0.01,0.05,0.02,87.821,17.2,146.4,1
7.623,7.59,8.84196,6.22326,0.25,0.01,0.05,0.02,86.363,16.8,123.7,1
7.656,7.623,8.88953,6.23868,0.25,0.01,0.05,0.02,95.141,18.0,247.1,1
7.689,7.656,8.9368,6.25497,0.25,0.01,0.05,0.02,92.332,19.0,263.7,1
7.722,7.689,8.98455,6.26979,0.25,0.01,0.05,0.02,86.394,17.2,193.7,1
7.755,7.722,9.0318,6.28616,0.25,0.01,0.05,0.02,88.195,19.1,102.2,1
7.788,7.755,9.07991,6.29976,0.25,0.01,0.05,0.02,88.972,15.8,82.0,1
7.821,7.788,9.12777,6.31424,0.25,0.01,0.05,0.02,88.284,16.8,97.7,1
7.854,7.821,9.17571,6.32844,0.25,0.01,0.05,0.02,89.663,16.5,176.4,1
7.887,7.854,9.2231,6.34438,0.25,0.01,0.05,0.02,87.619,18.6,68.8,1
7.92,7.887,9.27083,6.35926,0.25,0.01,0.05,0.02,84.733,17.3,99.0,1
7.953,7.92,9.31872,6.37364,0.25,0.01,0.05,0.02,90.407,16.7,256.4,1
7.986,7.953,9.36663,6.38795,0.25,0.01,0.05,0.02,92.726,16.6,260.3,1
8.019,7.986,9.41431,6.403,0.25,0.01,0.05,0.02,93.169,17.5,133.3,1
8.052,8.019,9.46172,6.41888,0.25,0.01,0.05,0.02,84.025,18.5,181.5,1
8.085,8.052,9.5093,6.43426,0.25,0.01,0.05,0.02,92.06,17.9,219.6,1
8.118,8.085,9.55704,6.44913,0.25,0.01,0.05,0.02,92.462,17.3,61.3,1
8.151,8.118,9.60471,6.4642,0.25,0.01,0.05,0.02,89.577,17.5,274.8,1
8.184,8.151,9.65255,6.47874,0.25,0.01,0.05,0.02,88.945,16.9,248.0,1
8.217,8.184,9.69951,6.49591,0.25,0.01,0.05,0.02,92.109,20.1,142.3,1
8.25,8.217,9.74717,6.51104,0.25,0.01,0.05,0.02,84.494,17.6,159.6,1
8.283,8.25,9.79523,6.52481,0.25,0.01,0.05,0.02,95.743,16.0,264.3,1
8.316,8.283,9.84271,6.54048,0.25,0.01,0.05,0.02,88.514,18.3,259.4,1
8.349,8.316,9.89021,6.55609,0.25,0.01,0.05,0.02,95.842,18.2,108.1,1
8.382,8.349,9.93782,6.57139,0.25,0.01,0.05,0.02,89.984,17.8,94.1,1
8.415,8.382,9.98544,6.58663,0.25,0.01,0.05,0.02,95.157,17.8,113.4,1
8.448,8.415,10.03353,6.60031,0.25,0.01,0.05,0.02,89.061,15.9,116.8,1
8.481,8.448,10.08097,6.61611,0.25,0.01,0.05,0.02,85.282,18.4,274.0,1
8.514,8.481,10.12856,6.63144,0.25,0.01,0.05,0.02,88.734,17.9,164.0,1
8.547,8.514,10.17642,6.6459,0.25,0.01,0.05,0.02,85.44,16.8,71.0,1
8.58,8.547,10.22403,6.66118,0.25,0.01,0.05,0.02,89.18,17.8,105.6,1
8.613,8.58,10.27207,6.67503,0.25,0.01,0.05,0.02,88.172,16.1,97.5,1
8.646,8.613,10.31963,6.69047,0.25,0.01,0.05,0.02,91.979,18.0,173.1,1
8.679,8.646,10.3675,6.70492,0.25,0.01,0.05,0.02,84.565,16.8,214.6,1
8.712,8.679,10.41482,6.72106,0.25,0.01,0.05,0.02,85.878,18.8,147.8,1
8.745,8.712,10.46285,6.73495,0.25,0.01,0.05,0.02,90.457,16.1,94.5,1
8.778,8.745,10.51073,6.74937,0.25,0.01,0.05,0.02,88.508,16.8,265.7,1
8.811,8.778,10.5581,6.76537,0.25,0.01,0.05,0.02,95.609,18.7,214.9,1
8.844,8.811,10.60559,6.78101,0.25,0.01,0.05,0.02,92.685,18.2,127.2,1
8.877,8.844,10.65353,6.7952,0.25,0.01,0.05,0.02,86.111,16.5,231.4,1
8.91,8.877,10.70159,6.809,0.25,0.01,0.05,0.02,93.154,16.0,220.8,1
8.943,8.91,10.74918,6.82435,0.25,0.01,0.05,0.02,85.723,17.9,164.9,1
8.976,8.943,10.79653,6.84042,0.25,0.01,0.05,0.02,94.37,18.7,220.7,1
9.009,8.976,10.84452,6.85444,0.25,0.01,0.05,0.02,87.038,16.3,261.0,1
9.042,9.009,10.892,6.87011,0.25,0.01,0.05,0.02,88.812,18.3,107.4,1
9.075,9.042,10.93996,6.88425,0.25,0.01,0.05,0.02,93.403,16.4,230.7,1
9.108,9.075,10.9872,6.90064,0.25,0.01,0.05,0.02,95.955,19.1,158.6,1
9.141,9.108,11.035,6.91528,0.25,0.01,0.05,0.02,92.189,17.0,121.3,1
9.174,9.141,11.08233,6.93142,0.25,0.01,0.05,0.02,92.599,18.8,241.7,1
9.207,9.174,11.13068,6.94414,0.25,0.01,0.05,0.02,91.612,14.7,146.2,1
9.24,9.207,11.1785,6.95876,0.25,0.01,0.05,0.02,87.99,17.0,97.9,1
9.273,9.24,11.22626,6.97356,0.25,0.01,0.05,0.02,90.925,17.2,265.3,1
9.306,9.273,11.27451,6.98668,0.25,0.01,0.05,0.02,95.744,15.2,291.3,1
9.339,9.306,11.32203,7.00221,0.25,0.01,0.05,0.02,85.886,18.1,240.9,1
9.372,9.339,11.36933,7.01843,0.25,0.01,0.05,0.02,84.718,18.9,222.0,1
9.405,9.372,11.4172,7.03287,0.25,0.01,0.05,0.02,95.659,16.8,126.3,1
9.438,9.405,11.46555,7.04562,0.25,0.01,0.05,0.02,94.19,14.8,141.5,1
9.471,9.438,11.51298,7.06143,0.25,0.01,0.05,0.02,95.276,18.4,294.1,1
9.504,9.471,11.56014,7.07805,0.25,0.01,0.05,0.02,90.418,19.4,283.6,1
9.537,9.504,11.60819,7.09186,0.25,0.01,0.05,0.02,87.044,16.0,83.5,1
9.57,9.537,11.65542,7.10828,0.25,0.01,0.05,0.02,84.848,19.2,92.6,1
9.603,9.57,11.70285,7.12411,0.25,0.01,0.05,0.02,94.893,18.5,94.9,1
9.636,9.603,11.7508,7.13825,0.25,0.01,0.05,0.02,92.076,16.4,176.1,1
9.669,9.636,11.79822,7.15411,0.25,0.01,0.05,0.02,91.9,18.5,166.1,1
9.702,9.669,11.84599,7.16889,0.25,0.01,0.05,0.02,94.979,17.2,255.8,1
9.735,9.702,11.894,7.18285,0.25,0.01,0.05,0.02,92.433,16.2,295.4,1
9.768,9.735,11.94191,7.19715,0.25,0.01,0.05,0.02,90.565,16.6,202.7,1
9.801,9.768,11.98926,7.21321,0.25,0.01,0.05,0.02,91.072,18.7,249.0,1
9.834,9.801,12.03728,7.22717,0.25,0.01,0.05,0.02,88.103,16.2,243.9,1
9.867,9.834,12.08504,7.24194,0.25,0.01,0.05,0.02,87.843,17.2,227.0,1
9.9,9.867,12.1328,7.25673,0.25,0.01,0.05,0.02,92.539,17.2,125.2,1
9.933,9.9,12.13394,7.25551,0.25,0.01,0.05,0.02,3.422,80.6,1467.8,1
9.966,9.933,12.13459,7.25626,0.25,0.01,0.05,0.02,2.223,48.6,1707.6,1
9.999,9.966,12.13528,7.25647,0.25,0.01,0.05,0.02,2.188,87.6,360.5,1
10.032,9.999,12.1338,7.25743,0.25,0.01,0.05,0.02,0.93,68.7,919.9,1
10.065,10.032,12.1357,7.25816,0.25,0.01,0.05,0.02,0.931,92.1,1742.6,1
10.098,10.065,12.1341,7.25859,0.25,0.01,0.05,0.02,3.529,37.9,1551.7,1
10.131,10.098,12.13424,7.25865,0.25,0.01,0.05,0.02,1.155,7.6,1786.7,1
10.164,10.131,12.13419,7.25925,0.25,0.01,0.05,0.02,4.43,318.5,665.1,1
10.197,10.164,12.13371,7.25922,0.25,0.01,0.05,0.02,1.496,310.1,541.2,1
10.23,10.197,12.13497,7.25817,0.25,0.01,0.05,0.02,1.484,254.6,670.7,1
10.263,10.23,12.13604,7.25774,0.25,0.01,0.05,0.02,1.292,270.8,524.7,1
10.296,10.263,12.13647,7.25819,0.25,0.01,0.05,0.02,2.663,278.0,926.5,1
10.329,10.296,12.13578,7.25808,0.25,0.01,0.05,0.02,1.326,329.7,1585.2,1
10.362,10.329,12.13571,7.25651,0.25,0.01,0.05,0.02,4.412,292.2,1456.2,1
10.395,10.362,12.13576,7.2565,0.25,0.01,0.05,0.02,3.427,313.3,1695.1,1
10.428,10.395,12.13621,7.25613,0.25,0.01,0.05,0.02,2.652,299.8,461.7,1
10.461,10.428,12.13635,7.2572,0.25,0.01,0.05,0.02,3.431,247.5,793.2,1
10.494,10.461,12.13662,7.25708,0.25,0.01,0.05,0.02,3.133,242.1,997.4,1
10.527,10.494,12.13647,7.25656,0.25,0.01,0.05,0.02,0.976,247.4,1094.4,1
10.56,10.527,12.13656,7.25636,0.25,0.01,0.05,0.02,0.716,304.3,1164.6,1
10.593,10.56,12.13588,7.25405,0.25,0.01,0.05,0.02,4.335,356.9,1692.3,1
10.626,10.593,12.13637,7.25374,0.25,0.01,0.05,0.02,2.601,356.2,1508.1,1
10.659,10.626,12.13759,7.25298,0.25,0.01,0.05,0.02,2.312,326.8,410.0,1
10.692,10.659,12.13631,7.25404,0.25,0.01,0.05,0.02,4.272,333.9,1481.6,1
10.725,10.692,12.13612,7.25601,0.25,0.01,0.05,0.02,1.314,279.2,1679.4,1
10.758,10.725,12.13458,7.2556,0.25,0.01,0.05,0.02,4.508,266.2,1714.0,1
10.791,10.758,12.13398,7.25481,0.25,0.01,0.05,0.02,1.831,255.4,1720.2,1
10.824,10.791,12.13497,7.25266,0.25,0.01,0.05,0.02,0.845,257.6,1178.6,1
10.857,10.824,12.13536,7.25274,0.25,0.01,0.05,0.02,1.824,255.2,1575.8,1
10.89,10.857,12.13528,7.25253,0.25,0.01,0.05,0.02,2.475,220.3,810.3,1
10.923,10.89,12.13521,7.25239,0.25,0.01,0.05,0.02,0.836,169.4,1627.0,1
10.956,10.923,12.13494,7.25255,0.25,0.01,0.05,0.02,3.28,139.2,958.4,1
10.989,10.956,12.13473,7.25133,0.25,0.01,0.05,0.02,3.655,163.1,960.5,1
11.022,10.989,12.13536,7.25199,0.25,0.01,0.05,0.02,1.733,144.7,1024.7,1
11.055,11.022,12.13626,7.25207,0.25,0.01,0.05,0.02,2.623,203.8,1732.3,1
11.088,11.055,12.1364,7.25316,0.25,0.01,0.05,0.02,1.422,146.6,812.0,1
11.121,11.088,12.13773,7.25254,0.25,0.01,0.05,0.02,4.381,135.0,1483.2,1
11.154,11.121,12.13649,7.25073,0.25,0.01,0.05,0.02,2.242,133.1,1486.3,1
11.187,11.154,12.1369,7.25113,0.25,0.01,0.05,0.02,1.76,170.7,624.5,1
11.22,11.187,12.13712,7.25103,0.25,0.01,0.05,0.02,1.422,140.9,1788.2,1
11.253,11.22,12.13845,7.2538,0.25,0.01,0.05,0.02,3.68,159.7,623.9,1
11.286,11.253,12.13913,7.25388,0.25,0.01,0.05,0.02,1.004,184.8,1675.5,1
11.319,11.286,12.13965,7.2548,0.25,0.01,0.05,0.02,4.561,168.4,1043.9,1
11.352,11.319,12.13943,7.25675,0.25,0.01,0.05,0.02,3.304,142.9,633.5,1
11.385,11.352,12.1369,7.25665,0.25,0.01,0.05,0.02,0.643,185.8,1322.1,1
11.418,11.385,12.13692,7.25575,0.25,0.01,0.05,0.02,0.995,199.1,1637.6,1
11.451,11.418,12.13497,7.25652,0.25,0.01,0.05,0.02,0.676,154.3,770.3,1
11.484,11.451,12.13486,7.25766,0.25,0.01,0.05,0.02,2.175,135.7,440.5,1
11.517,11.484,12.13314,7.2589,0.25,0.01,0.05,0.02,3.611,188.9,985.1,1
11.55,11.517,12.13432,7.25919,0.25,0.01,0.05,0.02,3.42,205.7,761.4,1
11.583,11.55,12.13484,7.26038,0.25,0.01,0.05,0.02,2.541,240.4,1423.5,1
11.616,11.583,12.13644,7.25912,0.25,0.01,0.05,0.02,1.874,297.7,821.7,1
11.649,11.616,12.13578,7.25903,0.25,0.01,0.05,0.02,2.688,280.3,448.6,1
11.682,11.649,12.13625,7.25878,0.25,0.01,0.05,0.02,3.783,288.5,1228.2,1
11.715,11.682,12.1369,7.26032,0.25,0.01,0.05,0.02,4.502,248.0,330.1,1
11.748,11.715,12.13651,7.26168,0.25,0.01,0.05,0.02,0.71,214.6,312.0,1
11.781,11.748,12.13703,7.26033,0.25,0.01,0.05,0.02,2.99,266.3,1572.6,1
11.814,11.781,12.13657,7.261,0.25,0.01,0.05,0.02,1.332,300.8,1678.7,1
11.847,11.814,12.1366,7.26146,0.25,0.01,0.05,0.02,2.092,265.0,673.2,1
11.88,11.847,12.13412,7.26207,0.25,0.01,0.05,0.02,4.666,226.5,1295.2,1
11.913,11.88,12.13596,7.26294,0.25,0.01,0.05,0.02,1.425,192.9,569.3,1
11.946,11.913,12.13493,7.26208,0.25,0.01,0.05,0.02,1.968,216.0,1490.4,1
11.979,11.946,12.13466,7.26189,0.25,0.01,0.05,0.02,3.712,275.9,1060.8,1
12.012,11.979,12.13339,7.26057,0.25,0.01,0.05,0.02,1.599,331.2,1655.8,1
12.045,12.012,12.1329,7.26158,0.25,0.01,0.05,0.02,1.084,304.6,454.4,1
12.078,12.045,12.13302,7.26323,0.25,0.01,0.05,0.02,1.253,274.6,885.3,1
12.111,12.078,12.13188,7.26279,0.25,0.01,0.05,0.02,1.691,258.6,1793.7,1
12.144,12.111,12.13311,7.26159,0.25,0.01,0.05,0.02,4.639,313.8,1772.1,1
12.177,12.144,12.13252,7.2624,0.25,0.01,0.05,0.02,1.011,359.5,1262.1,1
12.21,12.177,12.13205,7.2633,0.25,0.01,0.05,0.02,1.116,300.2,1334.2,1
12.243,12.21,12.13326,7.26331,0.25,0.01,0.05,0.02,3.798,309.2,1464.5,1
12.276,12.243,12.133,7.26395,0.25,0.01,0.05,0.02,2.401,292.7,1327.8,1
12.309,12.276,12.13196,7.26365,0.25,0.01,0.05,0.02,4.661,328.6,1791.4,1
12.342,12.309,12.13227,7.26362,0.25,0.01,0.05,0.02,2.512,337.2,1617.4,1
12.375,12.342,12.13126,7.26402,0.25,0.01,0.05,0.02,1.112,8.4,1564.5,1
12.408,12.375,12.13152,7.2622,0.25,0.01,0.05,0.02,1.56,335.6,1246.0,1
12.441,12.408,12.1326,7.26399,0.25,0.01,0.05,0.02,1.541,296.3,1258.2,1
12.474,12.441,12.13324,7.26484,0.25,0.01,0.05,0.02,1.714,329.1,899.7,1
12.507,12.474,12.13469,7.26305,0.25,0.01,0.05,0.02,1.622,293.1,1640.4,1
12.54,12.507,12.13469,7.2623,0.25,0.01,0.05,0.02,1.236,291.7,1764.5,1
12.573,12.54,12.13599,7.26275,0.25,0.01,0.05,0.02,1.725,303.0,577.6,1
12.606,12.573,12.13559,7.2625,0.25,0.01,0.05,0.02,2.92,321.0,314.9,1
12.639,12.606,12.13624,7.264,0.25,0.01,0.05,0.02,0.607,345.3,781.4,1
12.672,12.639,12.13706,7.26355,0.25,0.01,0.05,0.02,1.566,32.1,384.5,1
12.705,12.672,12.13873,7.26373,0.25,0.01,0.05,0.02,2.59,9.8,981.9,1
12.738,12.705,12.13838,7.26385,0.25,0.01,0.05,0.02,2.129,50.0,959.5,1
12.771,12.738,12.13963,7.26439,0.25,0.01,0.05,0.02,1.087,96.6,971.0,1
12.804,12.771,12.13958,7.26321,0.25,0.01,0.05,0.02,0.69,64.4,1437.6,1
12.837,12.804,12.14103,7.26359,0.25,0.01,0.05,0.02,2.958,54.9,1213.2,1
12.87,12.837,12.14043,7.26449,0.25,0.01,0.05,0.02,2.869,357.6,1336.4,1
12.903,12.87,12.14178,7.26555,0.25,0.01,0.05,0.02,1.695,41.1,728.4,1
12.936,12.903,12.14086,7.26572,0.25,0.01,0.05,0.02,3.941,94.9,588.9,1
12.969,12.936,12.14172,7.26433,0.25,0.01,0.05,0.02,3.74,73.8,1657.4,1
13.002,12.969,12.1418,7.26385,0.25,0.01,0.05,0.02,1.074,103.5,1225.4,1
13.035,13.002,12.14096,7.26332,0.25,0.01,0.05,0.02,4.384,100.3,1748.7,1
13.068,13.035,12.14008,7.26288,0.25,0.01,0.05,0.02,2.6,116.3,1286.4,1
13.101,13.068,12.1406,7.2623,0.25,0.01,0.05,0.02,4.383,172.3,1228.8,1
13.134,13.101,12.13977,7.26182,0.25,0.01,0.05,0.02,1.204,208.2,836.5,1
13.167,13.134,12.13752,7.26065,0.25,0.01,0.05,0.02,0.867,261.7,1288.9,1
13.2,13.167,12.13681,7.26074,0.25,0.01,0.05,0.02,4.276,257.1,1325.5,1
13.233,13.2,12.13649,7.26125,0.25,0.01,0.05,0.02,1.674,204.4,1793.9,1
13.266,13.233,12.13587,7.26054,0.25,0.01,0.05,0.02,3.12,209.5,328.1,1
13.299,13.266,12.13556,7.26154,0.25,0.01,0.05,0.02,2.393,162.1,1083.3,1
13.332,13.299,12.1348,7.26286,0.25,0.01,0.05,0.02,4.582,192.1,1410.8,1
13.365,13.332,12.13471,7.2649,0.25,0.01,0.05,0.02,0.648,209.2,1193.1,1
13.398,13.365,12.13392,7.26562,0.25,0.01,0.05,0.02,1.571,266.9,550.1,1
13.431,13.398,12.13485,7.26474,0.25,0.01,0.05,0.02,3.562,215.5,660.6,1
13.464,13.431,12.13555,7.26591,0.25,0.01,0.05,0.02,2.246,214.3,971.5,1
13.497,13.464,12.13651,7.26515,0.25,0.01,0.05,0.02,0.781,164.7,533.9,1
13.53,13.497,12.13556,7.26377,0.25,0.01,0.05,0.02,2.737,125.1,1706.2,1
13.563,13.53,12.13611,7.26484,0.25,0.01,0.05,0.02,2.912,150.6,1690.0,1
13.596,13.563,12.13658,7.26426,0.25,0.01,0.05,0.02,4.445,122.7,841.4,1
13.629,13.596,12.13701,7.26494,0.25,0.01,0.05,0.02,1.526,139.5,1179.9,1
13.662,13.629,12.13702,7.26531,0.25,0.01,0.05,0.02,1.165,97.3,1710.2,1
13.695,13.662,12.13709,7.26477,0.25,0.01,0.05,0.02,0.876,38.6,1694.4,1
13.728,13.695,12.13821,7.26338,0.25,0.01,0.05,0.02,1.287,7.8,523.1,1
13.761,13.728,12.13811,7.26421,0.25,0.01,0.05,0.02,0.931,348.8,1578.8,1
13.794,13.761,12.13761,7.26424,0.25,0.01,0.05,0.02,1.889,324.0,1494.9,1
13.827,13.794,12.13768,7.26317,0.25,0.01,0.05,0.02,3.435,342.8,840.2,1
13.86,13.827,12.13718,7.26383,0.25,0.01,0.05,0.02,3.728,345.2,735.0,1
13.893,13.86,12.13813,7.26421,0.25,0.01,0.05,0.02,2.998,27.2,1271.2,1
13.926,13.893,12.13685,7.26354,0.25,0.01,0.05,0.02,1.05,67.7,799.6,1
13.959,13.926,12.13575,7.26215,0.25,0.01,0.05,0.02,1.449,92.2,312.6,1
13.992,13.959,12.13568,7.26324,0.25,0.01,0.05,0.02,2.388,95.6,575.9,1
14.025,13.992,12.13606,7.26413,0.25,0.01,0.05,0.02,2.745,42.1,1029.7,1
14.058,14.025,12.13641,7.26447,0.25,0.01,0.05,0.02,2.957,345.3,735.3,1
14.091,14.058,12.13823,7.26414,0.25,0.01,0.05,0.02,0.709,358.3,948.2,1
14.124,14.091,12.13885,7.26579,0.25,0.01,0.05,0.02,0.69,301.7,1333.1,1
14.157,14.124,12.13854,7.26499,0.25,0.01,0.05,0.02,1.007,244.8,586.1,1
14.19,14.157,12.13957,7.2657,0.25,0.01,0.05,0.02,1.674,274.1,1761.3,1
14.223,14.19,12.14082,7.26623,0.25,0.01,0.05,0.02,3.74,255.9,655.5,1
14.256,14.223,12.14177,7.2649,0.25,0.01,0.05,0.02,1.638,288.5,735.1,1
14.289,14.256,12.1408,7.2636,0.25,0.01,0.05,0.02,3.383,344.4,1655.7,1
14.322,14.289,12.141,7.26311,0.25,0.01,0.05,0.02,0.867,288.2,1606.4,1
14.355,14.322,12.14115,7.26356,0.25,0.01,0.05,0.02,1.073,247.2,1113.9,1
14.388,14.355,12.14036,7.26303,0.25,0.01,0.05,0.02,1.664,244.0,1498.9,1
14.421,14.388,12.141,7.26346,0.25,0.01,0.05,0.02,3.205,229.7,1075.1,1
14.454,14.421,12.14104,7.26301,0.25,0.01,0.05,0.02,4.304,244.5,842.4,1
14.487,14.454,12.13999,7.26316,0.25,0.01,0.05,0.02,3.781,189.8,1362.3,1
14.52,14.487,12.13976,7.26307,0.25,0.01,0.05,0.02,2.086,175.0,864.8,1
14.553,14.52,12.13909,7.26414,0.25,0.01,0.05,0.02,0.635,166.8,520.6,1
14.586,14.553,12.13836,7.26399,0.25,0.01,0.05,0.02,1.78,199.0,743.7,1
14.619,14.586,12.13857,7.26522,0.25,0.01,0.05,0.02,4.107,161.4,1665.0,1
14.652,14.619,12.13948,7.26501,0.25,0.01,0.05,0.02,0.922,110.8,862.2,1
14.685,14.652,12.13882,7.2646,0.25,0.01,0.05,0.02,3.122,95.1,458.3,1
14.718,14.685,12.13706,7.26329,0.25,0.01,0.05,0.02,3.125,128.1,1710.0,1
14.751,14.718,12.13739,7.2618,0.25,0.01,0.05,0.02,0.793,180.0,1054.4,1
14.784,14.751,12.13894,7.26129,0.25,0.01,0.05,0.02,1.796,193.8,779.2,1
14.817,14.784,12.13986,7.26099,0.25,0.01,0.05,0.02,3.319,145.5,346.6,1
14.85,14.817,12.13975,7.261,0.25,0.01,0.05,0.02,3.229,190.7,624.6,1
14.883,14.85,14.13214,9.43531,0.25,0.01,0.05,0.02,57.279,95,11908.6,1
14.916,14.883,14.10936,9.6083,0.25,0.01,0.05,0.02,54.573,100,8347.2,1
14.949,14.916,14.0716,9.77864,0.25,0.01,0.05,0.02,61.738,105,7761.4,1
14.982,14.949,14.01913,9.94504,0.25,0.01,0.05,0.02,56.46,110,10386.4,1
15.015,14.982,13.95236,10.10624,0.25,0.01,0.05,0.02,71.199,115,9601.5,1
15.048,15.015,13.8718,10.261,0.25,0.01,0.05,0.02,53.925,120,8912.7,1
15.081,15.048,13.77805,10.40815,0.25,0.01,0.05,0.02,55.643,125,6855.2,1
15.114,15.081,13.67184,10.54658,0.25,0.01,0.05,0.02,54.327,130,6300.9,1
15.147,15.114,13.55396,10.67522,0.25,0.01,0.05,0.02,67.977,135,10473.9,1
15.18,15.147,13.42532,10.79309,0.25,0.01,0.05,0.02,63.869,140,10353.1,1
15.213,15.18,13.2869,10.89931,0.25,0.01,0.05,0.02,50.359,145,8922.1,1
15.246,15.213,13.13975,10.99305,0.25,0.01,0.05,0.02,66.593,150,6885.4,1
15.279,15.246,12.98498,11.07362,0.25,0.01,0.05,0.02,70.742,155,7187.6,1
15.312,15.279,12.82379,11.14039,0.25,0.01,0.05,0.02,48.731,160,8739.1,1
15.345,15.312,12.65739,11.19285,0.25,0.01,0.05,0.02,57.74,165,11644.5,1
15.378,15.345,12.48704,11.23062,0.25,0.01,0.05,0.02,62.532,170,6650.0,1
15.411,15.378,12.31406,11.25339,0.25,0.01,0.05,0.02,55.792,175,8404.6,1
15.444,15.411,12.13975,11.261,0.25,0.01,0.05,0.02,65.514,180,10426.1,1
15.477,15.444,11.96544,11.25339,0.25,0.01,0.05,0.02,64.234,185,9122.7,1
15.51,15.477,11.79245,11.23062,0.25,0.01,0.05,0.02,70.278,190,10078.4,1
15.543,15.51,11.62211,11.19285,0.25,0.01,0.05,0.02,55.84,195,7677.4,1
15.576,15.543,11.45571,11.14039,0.25,0.01,0.05,0.02,66.318,200,7656.1,1
15.609,15.576,11.29451,11.07362,0.25,0.01,0.05,0.02,55.113,205,10033.3,1
15.642,15.609,11.13975,10.99305,0.25,0.01,0.05,0.02,61.676,210,11956.6,1
15.675,15.642,10.99259,10.89931,0.25,0.01,0.05,0.02,60.993,215,10515.9,1
15.708,15.675,10.85417,10.79309,0.25,0.01,0.05,0.02,69.385,220,10396.4,1
15.741,15.708,10.72553,10.67522,0.25,0.01,0.05,0.02,54.981,225,11858.4,1
15.774,15.741,10.60766,10.54658,0.25,0.01,0.05,0.02,66.794,230,8676.7,1
15.807,15.774,10.50144,10.40815,0.25,0.01,0.05,0.02,58.686,235,11373.1,1
15.84,15.807,10.4077,10.261,0.25,0.01,0.05,0.02,54.03,240,7648.4,1
15.873,15.84,10.32713,10.10624,0.25,0.01,0.05,0.02,63.552,245,11391.3,1
15.906,15.873,10.26036,9.94504,0.25,0.01,0.05,0.02,53.769,250,10962.1,1
15.939,15.906,10.2079,9.77864,0.25,0.01,0.05,0.02,60.358,255,6403.1,1
15.972,15.939,10.17013,9.6083,0.25,0.01,0.05,0.02,63.447,260,11207.2,1
16.005,15.972,10.14736,9.43531,0.25,0.01,0.05,0.02,56.273,265,8483.2,1
16.038,16.005,10.13975,9.261,0.25,0.01,0.05,0.02,50.66,270,10462.7,1
16.071,16.038,10.14736,9.08669,0.25,0.01,0.05,0.02,55.526,275,7021.2,1
16.104,16.071,10.17013,8.91371,0.25,0.01,0.05,0.02,51.956,280,10824.7,1
16.137,16.104,10.2079,8.74336,0.25,0.01,0.05,0.02,48.432,285,7034.5,1
16.17,16.137,10.26036,8.57696,0.25,0.01,0.05,0.02,50.39,290,10118.3,1
16.203,16.17,10.32713,8.41577,0.25,0.01,0.05,0.02,70.113,295,7579.8,1
16.236,16.203,10.4077,8.261,0.25,0.01,0.05,0.02,54.84,300,10653.4,1
16.269,16.236,10.50144,8.11385,0.25,0.01,0.05,0.02,51.925,305,7468.4,1
16.302,16.269,10.60766,7.97543,0.25,0.01,0.05,0.02,60.052,310,7423.2,1
16.335,16.302,10.72553,7.84679,0.25,0.01,0.05,0.02,56.414,315,7557.7,1
16.368,16.335,10.85417,7.72891,0.25,0.01,0.05,0.02,48.931,320,9370.5,1
16.401,16.368,10.99259,7.6227,0.25,0.01,0.05,0.02,64.378,325,9509.7,1
16.434,16.401,11.13975,7.52895,0.25,0.01,0.05,0.02,51.213,330,7864.7,1
16.467,16.434,11.29451,7.44839,0.25,0.01,0.05,0.02,54.334,335,9636.7,1
16.5,16.467,11.45571,7.38162,0.25,0.01,0.05,0.02,60.826,340,11129.1,1
16.533,16.5,11.62211,7.32915,0.25,0.01,0.05,0.02,60.533,345,10231.9,1
16.566,16.533,11.79245,7.29139,0.25,0.01,0.05,0.02,59.972,350,6526.0,1
16.599,16.566,11.96544,7.26861,0.25,0.01,0.05,0.02,60.196,355,11603.0,1
16.632,16.599,12.13975,7.261,0.25,0.01,0.05,0.02,50.392,0,11246.1,1
16.665,16.632,12.31406,7.26861,0.25,0.01,0.05,0.02,61.369,5,10064.8,1
16.698,16.665,12.48704,7.29139,0.25,0.01,0.05,0.02,68.371,10,8232.4,1
16.731,16.698,12.65739,7.32915,0.25,0.01,0.05,0.02,56.968,15,6462.8,1
16.764,16.731,12.82379,7.38162,0.25,0.01,0.05,0.02,67.771,20,8097.9,1
16.797,16.764,12.98498,7.44839,0.25,0.01,0.05,0.02,71.993,25,9348.7,1
16.83,16.797,13.13975,7.52895,0.25,0.01,0.05,0.02,68.335,30,8297.3,1
16.863,16.83,13.2869,7.6227,0.25,0.01,0.05,0.02,66.119,35,11225.0,1
16.896,16.863,13.42532,7.72891,0.25,0.01,0.05,0.02,70.435,40,9211.6,1
16.929,16.896,13.55396,7.84679,0.25,0.01,0.05,0.02,63.289,45,10355.4,1
16.962,16.929,13.67184,7.97543,0.25,0.01,0.05,0.02,48.446,50,11219.8,1
16.995,16.962,13.77805,8.11385,0.25,0.01,0.05,0.02,71.059,55,11292.9,1
17.028,16.995,13.8718,8.261,0.25,0.01,0.05,0.02,58.157,60,10461.6,1
17.061,17.028,13.95236,8.41577,0.25,0.01,0.05,0.02,53.586,65,10889.0,1
17.094,17.061,14.01913,8.57696,0.25,0.01,0.05,0.02,56.499,70,10225.4,1
17.127,17.094,14.0716,8.74336,0.25,0.01,0.05,0.02,55.97,75,7197.4,1
17.16,17.127,14.10936,8.91371,0.25,0.01,0.05,0.02,61.651,80,9610.0,1
17.193,17.16,14.13214,9.08669,0.25,0.01,0.05,0.02,59.657,85,10139.5,1
17.226,17.193,14.13975,9.261,0.25,0.01,0.05,0.02,49.191,90,9235.0,1
17.259,17.226,14.13214,9.43531,0.25,0.01,0.05,0.02,54.006,95,9411.2,1
17.292,17.259,14.10936,9.6083,0.25,0.01,0.05,0.02,53.323,100,10719.4,1
17.325,17.292,14.0716,9.77864,0.25,0.01,0.05,0.02,52.603,105,6479.6,1
17.358,17.325,14.01913,9.94504,0.25,0.01,0.05,0.02,66.87,110,8481.9,1
17.391,17.358,13.95236,10.10624,0.25,0.01,0.05,0.02,58.124,115,8058.7,1
17.424,17.391,13.8718,10.261,0.25,0.01,0.05,0.02,71.237,120,10763.9,1
17.457,17.424,13.77805,10.40815,0.25,0.01,0.05,0.02,71.566,125,7050.0,1
17.49,17.457,13.67184,10.54658,0.25,0.01,0.05,0.02,71.047,130,7990.3,1
17.523,17.49,13.55396,10.67522,0.25,0.01,0.05,0.02,63.21,135,10086.8,1
17.556,17.523,13.42532,10.79309,0.25,0.01,0.05,0.02,58.938,140,7974.2,1
17.589,17.556,13.2869,10.89931,0.25,0.01,0.05,0.02,65.256,145,10755.4,1
17.622,17.589,13.13975,10.99305,0.25,0.01,0.05,0.02,48.58,150,11463.7,1
17.655,17.622,12.98498,11.07362,0.25,0.01,0.05,0.02,66.648,155,10879.5,1
17.688,17.655,12.82379,11.14039,0.25,0.01,0.05,0.02,57.824,160,8736.8,1
17.721,17.688,12.65739,11.19285,0.25,0.01,0.05,0.02,57.454,165,9487.2,1
17.754,17.721,12.48704,11.23062,0.25,0.01,0.05,0.02,64.112,170,8156.0,1
17.787,17.754,12.31406,11.25339,0.25,0.01,0.05,0.02,53.329,175,9699.5,1
17.82,17.787,12.13975,11.261,0.25,0.01,0.05,0.02,56.08,180,6192.5,1
17.853,17.82,11.96544,11.25339,0.25,0.01,0.05,0.02,61.04,185,8070.7,1
17.886,17.853,11.79245,11.23062,0.25,0.01,0.05,0.02,56.347,190,6894.9,1
17.919,17.886,11.62211,11.19285,0.25,0.01,0.05,0.02,65.762,195,9216.1,1
17.952,17.919,11.45571,11.14039,0.25,0.01,0.05,0.02,57.051,200,8988.1,1
17.985,17.952,11.29451,11.07362,0.25,0.01,0.05,0.02,53.363,205,8410.5,1
18.018,17.985,11.13975,10.99305,0.25,0.01,0.05,0.02,59.663,210,10960.8,1
18.051,18.018,10.99259,10.89931,0.25,0.01,0.05,0.02,63.127,215,6594.4,1
18.084,18.051,10.85417,10.79309,0.25,0.01,0.05,0.02,51.648,220,6028.0,1
18.117,18.084,10.72553,10.67522,0.25,0.01,0.05,0.02,71.469,225,9293.2,1
18.15,18.117,10.60766,10.54658,0.25,0.01,0.05,0.02,56.963,230,11190.2,1
18.183,18.15,10.50144,10.40815,0.25,0.01,0.05,0.02,67.26,235,11354.7,1
18.216,18.183,10.4077,10.261,0.25,0.01,0.05,0.02,62.505,240,9787.5,1
18.249,18.216,10.32713,10.10624,0.25,0.01,0.05,0.02,68.992,245,9683.5,1
18.282,18.249,10.26036,9.94504,0.25,0.01,0.05,0.02,54.218,250,9998.3,1
18.315,18.282,10.2079,9.77864,0.25,0.01,0.05,0.02,65.225,255,10163.3,1
18.348,18.315,10.17013,9.6083,0.25,0.01,0.05,0.02,51.822,260,7610.7,1
18.381,18.348,10.14736,9.43531,0.25,0.01,0.05,0.02,51.643,265,11747.0,1
18.414,18.381,10.13975,9.261,0.25,0.01,0.05,0.02,48.671,270,8043.2,1
18.447,18.414,10.14736,9.08669,0.25,0.01,0.05,0.02,49.909,275,6229.0,1
18.48,18.447,10.17013,8.91371,0.25,0.01,0.05,0.02,63.578,280,10542.1,1
18.513,18.48,10.2079,8.74336,0.25,0.01,0.05,0.02,55.026,285,8656.9,1
18.546,18.513,10.26036,8.57696,0.25,0.01,0.05,0.02,54.098,290,10384.5,1
18.579,18.546,10.32713,8.41577,0.25,0.01,0.05,0.02,67.374,295,7381.3,1
18.612,18.579,10.4077,8.261,0.25,0.01,0.05,0.02,66.394,300,9091.0,1
18.645,18.612,10.50144,8.11385,0.25,0.01,0.05,0.02,56.043,305,7516.9,1
18.678,18.645,10.60766,7.97543,0.25,0.01,0.05,0.02,61.442,310,9625.2,1
18.711,18.678,10.72553,7.84679,0.25,0.01,0.05,0.02,56.096,315,11211.3,1
18.744,18.711,10.85417,7.72891,0.25,0.01,0.05,0.02,68.024,320,8497.5,1
18.777,18.744,10.99259,7.6227,0.25,0.01,0.05,0.02,54.187,325,8622.7,1
18.81,18.777,11.13975,7.52895,0.25,0.01,0.05,0.02,56.538,330,8222.8,1
18.843,18.81,11.29451,7.44839,0.25,0.01,0.05,0.02,50.854,335,9511.5,1
18.876,18.843,11.45571,7.38162,0.25,0.01,0.05,0.02,65.905,340,10707.1,1
18.909,18.876,11.62211,7.32915,0.25,0.01,0.05,0.02,48.14,345,9981.1,1
18.942,18.909,11.79245,7.29139,0.25,0.01,0.05,0.02,59.434,350,6155.2,1
18.975,18.942,11.96544,7.26861,0.25,0.01,0.05,0.02,63.914,355,8633.7,1
19.008,18.975,12.13975,7.261,0.25,0.01,0.05,0.02,51.198,0,10428.0,1
19.041,19.008,12.31406,7.26861,0.25,0.01,0.05,0.02,61.56,5,11362.4,1
19.074,19.041,12.48704,7.29139,0.25,0.01,0.05,0.02,56.081,10,11701.2,1
19.107,19.074,12.65739,7.32915,0.25,0.01,0.05,0.02,52.19,15,8330.8,1
19.14,19.107,12.82379,7.38162,0.25,0.01,0.05,0.02,62.199,20,11277.6,1
19.173,19.14,12.98498,7.44839,0.25,0.01,0.05,0.02,64.275,25,7203.1,1
19.206,19.173,13.13975,7.52895,0.25,0.01,0.05,0.02,48.361,30,8206.2,1
19.239,19.206,13.2869,7.6227,0.25,0.01,0.05,0.02,66.042,35,7315.9,1
19.272,19.239,13.42532,7.72891,0.25,0.01,0.05,0.02,70.956,40,9395.8,1
19.305,19.272,13.55396,7.84679,0.25,0.01,0.05,0.02,71.567,45,8658.9,1
19.338,19.305,13.67184,7.97543,0.25,0.01,0.05,0.02,68.454,50,6375.2,1
19.371,19.338,13.77805,8.11385,0.25,0.01,0.05,0.02,49.288,55,11711.7,1
19.404,19.371,13.8718,8.261,0.25,0.01,0.05,0.02,54.093,60,11282.3,1
19.437,19.404,13.95236,8.41577,0.25,0.01,0.05,0.02,56.173,65,11419.2,1
19.47,19.437,14.01913,8.57696,0.25,0.01,0.05,0.02,57.263,70,7431.2,1
19.503,19.47,14.0716,8.74336,0.25,0.01,0.05,0.02,70.165,75,9964.5,1
19.536,19.503,14.10936,8.91371,0.25,0.01,0.05,0.02,68.049,80,7987.7,1
19.569,19.536,14.13214,9.08669,0.25,0.01,0.05,0.02,65.1,85,8977.3,1
19.602,19.569,14.13975,9.261,0.25,0.01,0.05,0.02,48.323,90,6411.0,1
19.635,19.602,14.13214,9.43531,0.25,0.01,0.05,0.02,61.259,95,6610.0,1
19.668,19.635,14.10936,9.6083,0.25,0.01,0.05,0.02,62.684,100,7055.4,1
19.701,19.668,14.0716,9.77864,0.25,0.01,0.05,0.02,49.476,105,9146.4,1
19.734,19.701,14.01913,9.94504,0.25,0.01,0.05,0.02,64.181,110,8871.4,1
19.767,19.734,13.95236,10.10624,0.25,0.01,0.05,0.02,67.925,115,7764.8,1
19.8,19.767,13.8718,10.261,0.25,0.01,0.05,0.02,70.532,120,7141.9,1
19.833,19.8,13.8949,10.28612,0.25,0.01,0.05,0.02,41.235,47.4,1607.9,1
19.866,19.833,13.91355,10.30196,0.25,0.01,0.05,0.02,36.918,40.3,3191.0,1
19.899,19.866,13.93995,10.3251,0.25,0.01,0.05,0.02,42.158,41.2,3148.6,1
19.932,19.899,13.95893,10.3399,0.25,0.01,0.05,0.02,50.722,38.0,3017.5,1
19.965,19.932,13.98168,10.35738,0.25,0.01,0.05,0.02,55.912,37.5,1250.2,1
19.998,19.965,14.00622,10.37172,0.25,0.01,0.05,0.02,50.748,30.3,1976.6,1
20.031,19.998,14.03832,10.38988,0.25,0.01,0.05,0.02,48.265,29.5,2500.3,1
20.064,20.031,14.06658,10.40242,0.25,0.01,0.05,0.02,45.043,23.9,1435.9,1
20.097,20.064,14.10068,10.41228,0.25,0.01,0.05,0.02,37.581,16.1,2607.0,1
20.13,20.097,14.12508,10.42384,0.25,0.01,0.05,0.02,53.64,25.3,2522.9,1
20.163,20.13,14.14553,10.43386,0.25,0.01,0.05,0.02,56.564,26.1,2329.3,1
20.196,20.163,14.17272,10.44013,0.25,0.01,0.05,0.02,46.847,13.0,1279.5,1
20.229,20.196,14.20012,10.45431,0.25,0.01,0.05,0.02,55.496,27.4,3021.8,1
20.262,20.229,14.23359,10.46285,0.25,0.01,0.05,0.02,53.087,14.3,2612.3,1
20.295,20.262,14.26633,10.476,0.25,0.01,0.05,0.02,45.585,21.9,3330.0,1
20.328,20.295,14.29035,10.49005,0.25,0.01,0.05,0.02,51.027,30.3,3205.1,1
20.361,20.328,14.30734,10.50269,0.25,0.01,0.05,0.02,42.542,36.7,2706.5,1
20.394,20.361,14.32758,10.52745,0.25,0.01,0.05,0.02,40.615,50.7,3330.2,1
20.427,20.394,14.34648,10.55355,0.25,0.01,0.05,0.02,50.086,54.1,1849.5,1
20.46,20.427,14.36977,10.57343,0.25,0.01,0.05,0.02,39.606,40.5,2515.1,1
20.493,20.46,14.3954,10.59372,0.25,0.01,0.05,0.02,51.355,38.4,2357.2,1
20.526,20.493,14.42127,10.60859,0.25,0.01,0.05,0.02,53.044,29.9,1520.8,1
20.559,20.526,14.44106,10.61497,0.25,0.01,0.05,0.02,47.818,17.9,3013.9,1
20.592,20.559,14.4781,10.62855,0.25,0.01,0.05,0.02,47.157,20.1,1905.8,1
20.625,20.592,14.5092,10.63689,0.25,0.01,0.05,0.02,49.646,15.0,2757.3,1
20.658,20.625,14.53079,10.64791,0.25,0.01,0.05,0.02,40.33,27.0,2872.2,1
20.691,20.658,14.55885,10.65501,0.25,0.01,0.05,0.02,43.925,14.2,2301.5,1
20.724,20.691,14.58784,10.67082,0.25,0.01,0.05,0.02,41.237,28.6,3596.0,1
20.757,20.724,14.61112,10.68412,0.25,0.01,0.05,0.02,54.384,29.7,1288.6,1
20.79,20.757,14.62885,10.69357,0.25,0.01,0.05,0.02,43.627,28.1,1657.5,1
20.823,20.79,14.65529,10.71369,0.25,0.01,0.05,0.02,56.594,37.3,1800.3,1
20.856,20.823,14.68722,10.72886,0.25,0.01,0.05,0.02,46.235,25.4,3338.1,1
20.889,20.856,14.71992,10.74685,0.25,0.01,0.05,0.02,44.013,28.8,1986.5,1
20.922,20.889,14.74615,10.76361,0.25,0.01,0.05,0.02,41.058,32.6,2099.2,1
20.955,20.922,14.76604,10.77431,0.25,0.01,0.05,0.02,58.347,28.3,2556.2,1
20.988,20.955,14.79963,10.79125,0.25,0.01,0.05,0.02,39.937,26.8,3257.3,1
21.021,20.988,14.83084,10.80106,0.25,0.01,0.05,0.02,40.984,17.4,3056.6,1
21.054,21.021,14.86195,10.8139,0.25,0.01,0.05,0.02,53.512,22.4,3484.2,1
21.087,21.054,14.89143,10.82659,0.25,0.01,0.05,0.02,55.326,23.3,3029.9,1
21.12,21.087,14.9143,10.83382,0.25,0.01,0.05,0.02,56.729,17.5,3397.5,1
21.153,21.12,14.94918,10.84152,0.25,0.01,0.05,0.02,40.841,12.5,3194.8,1
21.186,21.153,14.9717,10.85314,0.25,0.01,0.05,0.02,56.469,27.3,1802.8,1
21.219,21.186,14.99503,10.87274,0.25,0.01,0.05,0.02,38.786,40.0,1456.0,1
21.252,21.219,15.01699,10.89627,0.25,0.01,0.05,0.02,39.189,47.0,2496.9,1
21.285,21.252,15.04786,10.91848,0.25,0.01,0.05,0.02,44.17,35.7,2694.5,1
21.318,21.285,15.08036,10.93789,0.25,0.01,0.05,0.02,39.282,30.8,2104.3,1
21.351,21.318,15.10416,10.96099,0.25,0.01,0.05,0.02,56.955,44.1,3407.9,1
21.384,21.351,15.1292,10.98493,0.25,0.01,0.05,0.02,37.18,43.7,2623.4,1
21.417,21.384,15.14833,10.99811,0.25,0.01,0.05,0.02,44.048,34.6,2238.3,1
21.45,21.417,15.17029,11.02358,0.25,0.01,0.05,0.02,56.706,49.2,2890.2,1
21.483,21.45,15.20114,11.04786,0.25,0.01,0.05,0.02,41.508,38.2,2134.7,1
21.516,21.483,15.22453,11.06781,0.25,0.01,0.05,0.02,59.845,40.4,2479.7,1
21.549,21.516,15.25655,11.08596,0.25,0.01,0.05,0.02,52.56,29.6,2583.3,1
21.582,21.549,15.27335,11.10228,0.25,0.01,0.05,0.02,40.288,44.2,3523.5,1
21.615,21.582,15.2855,11.11985,0.25,0.01,0.05,0.02,51.862,55.3,1622.9,1
21.648,21.615,15.30753,11.15077,0.25,0.01,0.05,0.02,56.942,54.5,1806.4,1
21.681,21.648,15.32395,11.17617,0.25,0.01,0.05,0.02,59.046,57.1,3012.3,1
21.714,21.681,15.33182,11.19692,0.25,0.01,0.05,0.02,54.44,69.2,1775.8,1
21.747,21.714,15.34604,11.21854,0.25,0.01,0.05,0.02,43.198,56.7,1443.2,1
21.78,21.747,15.36567,11.24086,0.25,0.01,0.05,0.02,47.113,48.7,1938.2,1
21.813,21.78,15.38621,11.26759,0.25,0.01,0.05,0.02,39.579,52.5,2763.1,1
21.846,21.813,15.40023,11.29194,0.25,0.01,0.05,0.02,43.558,60.1,3235.6,1
21.879,21.846,15.41024,11.31957,0.25,0.01,0.05,0.02,53.671,70.1,2564.2,1
21.912,21.879,15.42191,11.33848,0.25,0.01,0.05,0.02,41.708,58.3,1347.1,1
21.945,21.912,15.44761,11.36596,0.25,0.01,0.05,0.02,48.755,46.9,2077.9,1
21.978,21.945,15.47414,11.38747,0.25,0.01,0.05,0.02,56.321,39.0,1418.7,1
22.011,21.978,15.50584,11.40807,0.25,0.01,0.05,0.02,54.232,33.0,1695.6,1
22.044,22.011,15.52352,11.41918,0.25,0.01,0.05,0.02,55.486,32.2,3291.3,1
22.077,22.044,15.55187,11.44112,0.25,0.01,0.05,0.02,36.452,37.7,2592.5,1
22.11,22.077,15.56862,11.45517,0.25,0.01,0.05,0.02,52.743,40.0,2179.0,1
22.143,22.11,15.59169,11.48216,0.25,0.01,0.05,0.02,46.375,49.5,2895.4,1
22.176,22.143,15.60122,11.50067,0.25,0.01,0.05,0.02,58.145,62.8,3520.2,1
22.209,22.176,15.61454,11.53389,0.25,0.01,0.05,0.02,36.488,68.2,1977.3,1
22.242,22.209,15.6218,11.55796,0.25,0.01,0.05,0.02,37.748,73.2,1250.3,1
22.275,22.242,15.62406,11.58452,0.25,0.01,0.05,0.02,48.025,85.1,2699.6,1
22.308,22.275,15.62035,11.61452,0.25,0.01,0.05,0.02,57.066,97.0,3493.2,1
22.341,22.308,15.62162,11.65414,0.25,0.01,0.05,0.02,58.05,88.2,2263.4,1
22.374,22.341,15.61524,11.69122,0.25,0.01,0.05,0.02,49.813,99.8,1578.6,1
22.407,22.374,15.60289,11.72302,0.25,0.01,0.05,0.02,48.149,111.2,1814.5,1
22.44,22.407,15.59205,11.75489,0.25,0.01,0.05,0.02,39.277,108.8,3154.6,1
22.473,22.44,15.58075,11.78183,0.25,0.01,0.05,0.02,55.767,112.8,1309.3,1
22.506,22.473,15.56726,11.81541,0.25,0.01,0.05,0.02,48.416,111.9,1675.1,1
22.539,22.506,15.55821,11.84471,0.25,0.01,0.05,0.02,44.726,107.2,3321.9,1
22.572,22.539,15.54511,11.88009,0.25,0.01,0.05,0.02,49.965,110.3,2556.8,1
22.605,22.572,15.54128,11.9024,0.25,0.01,0.05,0.02,39.053,99.8,2521.1,1
22.638,22.605,15.54333,11.93414,0.25,0.01,0.05,0.02,44.787,86.3,3414.7,1
22.671,22.638,15.54599,11.96559,0.25,0.01,0.05,0.02,41.248,85.2,2086.9,1
22.704,22.671,15.54832,11.98783,0.25,0.01,0.05,0.02,54.814,84.0,2273.5,1
22.737,22.704,15.54293,12.02735,0.25,0.01,0.05,0.02,39.208,97.8,1745.6,1
22.77,22.737,15.54288,12.06483,0.25,0.01,0.05,0.02,38.413,90.1,2111.5,1
22.803,22.77,15.54829,12.09147,0.25,0.01,0.05,0.02,51.481,78.5,3530.3,1
22.836,22.803,15.55452,12.12407,0.25,0.01,0.05,0.02,36.356,79.2,2854.6,1
22.869,22.836,15.56534,12.1533,0.25,0.01,0.05,0.02,55.76,69.7,3597.7,1
22.902,22.869,15.57533,12.17199,0.25,0.01,0.05,0.02,47.591,61.9,2516.8,1
22.935,22.902,15.58501,12.19538,0.25,0.01,0.05,0.02,44.616,67.5,2173.7,1
22.968,22.935,15.59007,12.22921,0.25,0.01,0.05,0.02,43.885,81.5,2229.7,1
23.001,22.968,15.59752,12.26352,0.25,0.01,0.05,0.02,59.708,77.7,2982.8,1
23.034,23.001,15.60252,12.29314,0.25,0.01,0.05,0.02,58.615,80.4,3027.0,1
23.067,23.034,15.60945,12.31363,0.25,0.01,0.05,0.02,56.299,71.3,3184.7,1
23.1,23.067,15.62241,12.34164,0.25,0.01,0.05,0.02,55.188,65.2,1803.4,1
23.133,23.1,15.63159,12.37431,0.25,0.01,0.05,0.02,42.605,74.3,1411.5,1
23.166,23.133,15.63234,12.3947,0.25,0.01,0.05,0.02,55.779,87.9,2753.8,1
23.199,23.166,15.63095,12.433,0.25,0.01,0.05,0.02,39.492,92.1,3574.7,1
23.232,23.199,15.63078,12.46016,0.25,0.01,0.05,0.02,38.319,90.4,2174.6,1
23.265,23.232,15.63277,12.49102,0.25,0.01,0.05,0.02,36.746,86.3,3446.9,1
23.298,23.265,15.63898,12.52033,0.25,0.01,0.05,0.02,41.317,78.0,3554.7,1
23.331,23.298,15.64036,12.5484,0.25,0.01,0.05,0.02,59.725,87.2,1308.5,1
23.364,23.331,15.64235,12.58259,0.25,0.01,0.05,0.02,57.793,86.7,2468.3,1
23.397,23.364,15.64083,12.60572,0.25,0.01,0.05,0.02,51.855,93.8,1725.0,1
23.43,23.397,15.64415,12.63683,0.25,0.01,0.05,0.02,56.307,83.9,1590.7,1
23.463,23.43,15.64225,12.65721,0.25,0.01,0.05,0.02,36.021,95.3,3488.2,1
23.496,23.463,15.63955,12.68885,0.25,0.01,0.05,0.02,43.624,94.9,2334.0,1
23.529,23.496,15.64503,12.72032,0.25,0.01,0.05,0.02,48.632,80.1,2919.4,1
23.562,23.529,15.65179,12.74696,0.25,0.01,0.05,0.02,38.04,75.8,3048.2,1
23.595,23.562,15.65357,12.78094,0.25,0.01,0.05,0.02,47.802,87.0,2415.8,1
23.628,23.595,15.65965,12.81037,0.25,0.01,0.05,0.02,36.597,78.3,1987.3,1
23.661,23.628,15.66416,12.83034,0.25,0.01,0.05,0.02,58.139,77.3,1851.8,1
23.694,23.661,15.67263,12.86128,0.25,0.01,0.05,0.02,52.008,74.7,1868.4,1
23.727,23.694,15.68264,12.883,0.25,0.01,0.05,0.02,42.245,65.3,2905.6,1
23.76,23.727,15.69221,12.91576,0.25,0.01,0.05,0.02,48.614,73.7,2830.1,1
23.793,23.76,15.70775,12.94519,0.25,0.01,0.05,0.02,43.82,62.2,2992.8,1
23.826,23.793,15.71979,12.9752,0.25,0.01,0.05,0.02,57.388,68.2,3097.5,1
23.859,23.826,15.74097,13.00475,0.25,0.01,0.05,0.02,43.682,54.4,1384.9,1
23.892,23.859,15.75825,13.03797,0.25,0.01,0.05,0.02,58.081,62.5,3574.1,1
23.925,23.892,15.77605,13.05839,0.25,0.01,0.05,0.02,37.864,48.9,2699.0,1
23.958,23.925,15.80015,13.08729,0.25,0.01,0.05,0.02,53.567,50.2,3077.7,1
23.991,23.958,15.81531,13.11151,0.25,0.01,0.05,0.02,49.585,58.0,3435.3,1
24.024,23.991,15.83511,13.13258,0.25,0.01,0.05,0.02,46.104,46.8,2887.1,1
24.057,24.024,15.85603,13.16318,0.25,0.01,0.05,0.02,58.144,55.6,1817.4,1
24.09,24.057,15.86983,13.1852,0.25,0.01,0.05,0.02,39.489,57.9,2403.9,1
24.123,24.09,15.88606,13.21832,0.25,0.01,0.05,0.02,40.802,63.9,1591.0,1
24.156,24.123,15.91002,13.24875,0.25,0.01,0.05,0.02,59.647,51.8,3339.3,1
24.189,24.156,15.93598,13.27777,0.25,0.01,0.05,0.02,59.676,48.2,1776.5,1
24.222,24.189,15.95904,13.3041,0.25,0.01,0.05,0.02,37.476,48.8,2502.0,1
24.255,24.222,15.98238,13.33124,0.25,0.01,0.05,0.02,53.851,49.3,3590.0,1
24.288,24.255,16.01153,13.35834,0.25,0.01,0.05,0.02,50.043,42.9,3092.7,1
24.321,24.288,16.04381,13.38067,0.25,0.01,0.05,0.02,40.37,34.7,3203.1,1
24.354,24.321,16.06789,13.39875,0.25,0.01,0.05,0.02,50.466,36.9,2031.1,1
24.387,24.354,16.08466,13.41692,0.25,0.01,0.05,0.02,43.497,47.3,2350.3,1
24.42,24.387,16.1148,13.43931,0.25,0.01,0.05,0.02,36.971,36.6,3316.9,1
24.453,24.42,16.13598,13.44822,0.25,0.01,0.05,0.02,55.014,22.8,2104.8,1
24.486,24.453,16.17237,13.45333,0.25,0.01,0.05,0.02,52.725,8.0,1595.2,1
24.519,24.486,16.20312,13.45,0.25,0.01,0.05,0.02,53.974,353.8,2831.6,1
24.552,24.519,16.22592,13.45219,0.25,0.01,0.05,0.02,50.793,5.5,3403.8,1
24.585,24.552,16.2597,13.45204,0.25,0.01,0.05,0.02,42.652,359.7,1430.6,1
24.618,24.585,16.28088,13.45612,0.25,0.01,0.05,0.02,54.188,10.9,2694.5,1
24.651,24.618,16.30135,13.46596,0.25,0.01,0.05,0.02,38.982,25.7,2455.6,1
24.684,24.651,16.33396,13.48815,0.25,0.01,0.05,0.02,56.113,34.2,1747.5,1
24.717,24.684,16.35935,13.50356,0.25,0.01,0.05,0.02,38.214,31.2,1344.9,1
24.75,24.717,16.38436,13.52258,0.25,0.01,0.05,0.02,49.505,37.3,3562.8,1
24.783,24.75,16.33637,13.53662,0.25,0.01,0.05,0.02,95.996,163.7,249.1,1
24.816,24.783,16.28825,13.55022,0.25,0.01,0.05,0.02,94.742,164.2,140.2,1
24.849,24.816,16.23989,13.56293,0.25,0.01,0.05,0.02,91.581,165.3,126.5,1
24.882,24.849,16.19185,13.57678,0.25,0.01,0.05,0.02,94.073,163.9,139.7,1
24.915,24.882,16.14365,13.59008,0.25,0.01,0.05,0.02,95.269,164.6,156.5,1
24.948,24.915,16.0954,13.6032,0.25,0.01,0.05,0.02,89.57,164.8,164.1,1
24.981,24.948,16.0469,13.61535,0.25,0.01,0.05,0.02,84.204,165.9,78.6,1
25.014,24.981,15.99879,13.62894,0.25,0.01,0.05,0.02,95.227,164.2,220.3,1
25.047,25.014,15.95033,13.64126,0.25,0.01,0.05,0.02,89.089,165.7,239.2,1
25.08,25.047,15.90258,13.6561,0.25,0.01,0.05,0.02,91.051,162.7,149.4,1
25.113,25.08,15.85432,13.66916,0.25,0.01,0.05,0.02,84.624,164.9,274.8,1
25.146,25.113,15.80623,13.68288,0.25,0.01,0.05,0.02,94.529,164.1,172.4,1
25.179,25.146,15.7577,13.69491,0.25,0.01,0.05,0.02,87.319,166.1,84.4,1
25.212,25.179,15.70905,13.70644,0.25,0.01,0.05,0.02,93.06,166.7,216.6,1
25.245,25.212,15.66116,13.72082,0.25,0.01,0.05,0.02,92.252,163.3,242.7,1
25.278,25.245,15.61307,13.73449,0.25,0.01,0.05,0.02,84.731,164.1,68.7,1
25.311,25.278,15.56495,13.74807,0.25,0.01,0.05,0.02,90.983,164.2,138.7,1
25.344,25.311,15.51655,13.76061,0.25,0.01,0.05,0.02,92.211,165.5,92.7,1
25.377,25.344,15.46813,13.77309,0.25,0.01,0.05,0.02,91.251,165.5,253.9,1
25.41,25.377,15.41973,13.78565,0.25,0.01,0.05,0.02,86.003,165.4,235.9,1
25.443,25.41,15.3717,13.79955,0.25,0.01,0.05,0.02,86.247,163.9,193.6,1
25.476,25.443,15.32359,13.81317,0.25,0.01,0.05,0.02,91.083,164.2,201.7,1
25.509,25.476,15.2753,13.82611,0.25,0.01,0.05,0.02,88.103,165.0,197.7,1
25.542,25.509,15.22654,13.83717,0.25,0.01,0.05,0.02,89.867,167.2,90.7,1
25.575,25.542,15.17808,13.84949,0.25,0.01,0.05,0.02,85.752,165.7,207.3,1
25.608,25.575,15.12978,13.86243,0.25,0.01,0.05,0.02,90.163,165.0,134.4,1
25.641,25.608,15.08152,13.87552,0.25,0.01,0.05,0.02,88.872,164.8,260.7,1
25.674,25.641,15.03286,13.88701,0.25,0.01,0.05,0.02,91.82,166.7,238.4,1
25.707,25.674,14.98477,13.90067,0.25,0.01,0.05,0.02,85.393,164.1,165.5,1
25.74,25.707,14.9365,13.91371,0.25,0.01,0.05,0.02,94.697,164.9,277.4,1
25.773,25.74,14.88831,13.92707,0.25,0.01,0.05,0.02,95.808,164.5,94.6,1
25.806,25.773,14.83995,13.93977,0.25,0.01,0.05,0.02,89.586,165.3,104.1,1
25.839,25.806,14.79183,13.95335,0.25,0.01,0.05,0.02,89.486,164.2,65.2,1
25.872,25.839,14.74341,13.96581,0.25,0.01,0.05,0.02,93.024,165.6,240.5,1
25.905,25.872,14.69484,13.9777,0.25,0.01,0.05,0.02,86.46,166.2,136.1,1
25.938,25.905,14.64611,13.98887,0.25,0.01,0.05,0.02,87.697,167.1,110.5,1
25.971,25.938,14.59794,14.0023,0.25,0.01,0.05,0.02,95.079,164.4,94.7,1
26.004,25.971,14.54944,14.01443,0.25,0.01,0.05,0.02,86.925,166.0,136.8,1
26.037,26.004,14.50122,14.02767,0.25,0.01,0.05,0.02,95.793,164.6,167.4,1
26.07,26.037,14.45276,14.03996,0.25,0.01,0.05,0.02,88.118,165.8,260.8,1
26.103,26.07,14.40439,14.05265,0.25,0.01,0.05,0.02,89.416,165.3,239.9,1
26.136,26.103,14.35628,14.06625,0.25,0.01,0.05,0.02,95.294,164.2,155.5,1
26.169,26.136,14.3078,14.07849,0.25,0.01,0.05,0.02,87.495,165.8,230.8,1
26.202,26.169,14.25945,14.09121,0.25,0.01,0.05,0.02,91.346,165.3,271.2,1
26.235,26.202,14.21126,14.10455,0.25,0.01,0.05,0.02,91.788,164.5,98.1,1
26.268,26.235,14.16261,14.11609,0.25,0.01,0.05,0.02,86.776,166.7,180.6,1
26.301,26.268,14.11436,14.12921,0.25,0.01,0.05,0.02,92.244,164.8,289.3,1
26.334,26.301,14.06623,14.14275,0.25,0.01,0.05,0.02,87.679,164.3,263.4,1
26.367,26.334,14.01785,14.15538,0.25,0.01,0.05,0.02,93.319,165.4,63.4,1
26.4,26.367,13.96944,14.1679,0.25,0.01,0.05,0.02,90.695,165.5,204.8,1
26.433,26.4,13.92097,14.18017,0.25,0.01,0.05,0.02,84.295,165.8,266.6,1
26.466,26.433,13.87255,14.19264,0.25,0.01,0.05,0.02,84.058,165.6,177.8,1
26.499,26.466,13.8242,14.20536,0.25,0.01,0.05,0.02,84.268,165.3,70.0,1
26.532,26.499,13.77577,14.21781,0.25,0.01,0.05,0.02,92.277,165.6,226.9,1
26.565,26.532,13.72745,14.23064,0.25,0.01,0.05,0.02,84.627,165.1,201.0,1
26.598,26.565,13.6789,14.24262,0.25,0.01,0.05,0.02,87.083,166.1,168.3,1
26.631,26.598,13.63064,14.2557,0.25,0.01,0.05,0.02,84.645,164.8,164.5,1
26.664,26.631,13.58232,14.26853,0.25,0.01,0.05,0.02,85.422,165.1,178.3,1
26.697,26.664,13.53433,14.28258,0.25,0.01,0.05,0.02,88.524,163.7,245.7,1
26.73,26.697,13.48595,14.2952,0.25,0.01,0.05,0.02,84.364,165.4,202.7,1
26.763,26.73,13.43794,14.30914,0.25,0.01,0.05,0.02,86.858,163.8,76.7,1
26.796,26.763,13.38979,14.32264,0.25,0.01,0.05,0.02,90.768,164.3,98.7,1
26.829,26.796,13.34109,14.33398,0.25,0.01,0.05,0.02,91.395,166.9,118.7,1
26.862,26.829,13.29264,14.34631,0.25,0.01,0.05,0.02,95.279,165.7,130.3,1
26.895,26.862,13.24409,14.35827,0.25,0.01,0.05,0.02,93.669,166.2,179.2,1
26.928,26.895,13.19606,14.37217,0.25,0.01,0.05,0.02,95.642,163.9,288.8,1
26.961,26.928,13.14752,14.38417,0.25,0.01,0.05,0.02,84.562,166.1,117.3,1
26.994,26.961,13.09925,14.39721,0.25,0.01,0.05,0.02,86.136,164.9,285.9,1
27.027,26.994,13.05109,14.41065,0.25,0.01,0.05,0.02,88.292,164.4,65.4,1
27.06,27.027,13.00311,14.42472,0.25,0.01,0.05,0.02,86.215,163.7,232.7,1
27.093,27.06,12.9553,14.43935,0.25,0.01,0.05,0.02,85.627,163.0,60.2,1
27.126,27.093,12.90739,14.45367,0.25,0.01,0.05,0.02,95.26,163.4,79.7,1
27.159,27.126,12.85946,14.4679,0.25,0.01,0.05,0.02,84.483,163.5,165.1,1
27.192,27.159,12.81139,14.48166,0.25,0.01,0.05,0.02,92.155,164.0,99.8,1
27.225,27.192,12.7635,14.49601,0.25,0.01,0.05,0.02,90.017,163.3,248.3,1
27.258,27.225,12.7154,14.50968,0.25,0.01,0.05,0.02,91.153,164.1,201.1,1
27.291,27.258,12.66746,14.5239,0.25,0.01,0.05,0.02,85.847,163.5,128.9,1
27.324,27.291,12.61919,14.53692,0.25,0.01,0.05,0.02,86.243,164.9,191.5,1
27.357,27.324,12.57094,14.55004,0.25,0.01,0.05,0.02,92.036,164.8,116.2,1
27.39,27.357,12.52294,14.56403,0.25,0.01,0.05,0.02,88.547,163.7,292.2,1
27.423,27.39,12.47498,14.57818,0.25,0.01,0.05,0.02,90.873,163.6,63.2,1
27.456,27.423,12.42651,14.59043,0.25,0.01,0.05,0.02,85.707,165.8,207.4,1
27.489,27.456,12.37803,14.60269,0.25,0.01,0.05,0.02,94.857,165.8,228.5,1
27.522,27.489,12.32939,14.61424,0.25,0.01,0.05,0.02,92.894,166.6,248.8,1
27.555,27.522,12.28136,14.62816,0.25,0.01,0.05,0.02,93.857,163.8,98.9,1
27.588,27.555,12.23311,14.64124,0.25,0.01,0.05,0.02,84.319,164.8,194.7,1
27.621,27.588,12.18447,14.65285,0.25,0.01,0.05,0.02,84.179,166.6,269.8,1
27.654,27.621,12.13642,14.66666,0.25,0.01,0.05,0.02,93.505,164.0,297.6,1
27.687,27.654,12.08778,14.67826,0.25,0.01,0.05,0.02,95.718,166.6,268.1,1
27.72,27.687,12.03929,14.69044,0.25,0.01,0.05,0.02,95.724,165.9,193.2,1
27.753,27.72,11.99115,14.70397,0.25,0.01,0.05,0.02,88.039,164.3,287.8,1
27.786,27.753,11.94279,14.71667,0.25,0.01,0.05,0.02,84.052,165.3,212.3,1
27.819,27.786,11.89493,14.73113,0.25,0.01,0.05,0.02,85.552,163.2,61.2,1
27.852,27.819,11.84664,14.74412,0.25,0.01,0.05,0.02,87.525,164.9,176.3,1
27.885,27.852,11.79838,14.75716,0.25,0.01,0.05,0.02,89.895,164.9,255.3,1
27.918,27.885,11.75011,14.77023,0.25,0.01,0.05,0.02,90.219,164.8,260.5,1
27.951,27.918,11.70165,14.78251,0.25,0.01,0.05,0.02,94.473,165.8,273.0,1
27.984,27.951,11.6535,14.79601,0.25,0.01,0.05,0.02,90.668,164.3,268.9,1
28.017,27.984,11.60494,14.80793,0.25,0.01,0.05,0.02,86.306,166.2,289.7,1
28.05,28.017,11.55648,14.82023,0.25,0.01,0.05,0.02,84.793,165.8,96.8,1
28.083,28.05,11.5082,14.83324,0.25,0.01,0.05,0.02,88.743,164.9,134.8,1
28.116,28.083,11.46002,14.84659,0.25,0.01,0.05,0.02,88.127,164.5,109.8,1
28.149,28.116,11.41171,14.8595,0.25,0.01,0.05,0.02,88.915,165.0,245.8,1
28.182,28.149,11.36359,14.87306,0.25,0.01,0.05,0.02,88.119,164.3,144.7,1
28.215,28.182,11.31524,14.8858,0.25,0.01,0.05,0.02,88.284,165.2,156.4,1
28.248,28.215,11.2673,14.90002,0.25,0.01,0.05,0.02,91.224,163.5,194.6,1
28.281,28.248,11.21917,14.91355,0.25,0.01,0.05,0.02,87.44,164.3,251.2,1
28.314,28.281,11.17099,14.92692,0.25,0.01,0.05,0.02,86.03,164.5,283.9,1
28.347,28.314,11.12267,14.93978,0.25,0.01,0.05,0.02,86.456,165.1,183.2,1
28.38,28.347,11.07433,14.95256,0.25,0.01,0.05,0.02,90.779,165.2,270.3,1
28.413,28.38,11.0264,14.9668,0.25,0.01,0.05,0.02,94.805,163.5,261.3,1
28.446,28.413,10.97823,14.98019,0.25,0.01,0.05,0.02,95.73,164.5,268.9,1
28.479,28.446,10.92982,14.99269,0.25,0.01,0.05,0.02,86.21,165.5,64.8,1
28.512,28.479,10.88164,15.00607,0.25,0.01,0.05,0.02,89.5,164.5,228.8,1
28.545,28.512,10.83323,15.01856,0.25,0.01,0.05,0.02,94.226,165.5,255.3,1
28.578,28.545,10.78484,15.03118,0.25,0.01,0.05,0.02,89.52,165.4,197.7,1
28.611,28.578,10.73641,15.04362,0.25,0.01,0.05,0.02,92.199,165.6,70.5,1
28.644,28.611,10.6881,15.0565,0.25,0.01,0.05,0.02,85.558,165.1,145.5,1
28.677,28.644,10.63973,15.06915,0.25,0.01,0.05,0.02,90.057,165.3,107.2,1
28.71,28.677,10.5917,15.08304,0.25,0.01,0.05,0.02,92.829,163.9,160.5,1
28.743,28.71,10.54341,15.09601,0.25,0.01,0.05,0.02,85.273,165.0,204.2,1
28.776,28.743,10.49535,15.1098,0.25,0.01,0.05,0.02,84.928,164.0,287.1,1
28.809,28.776,10.44678,15.12166,0.25,0.01,0.05,0.02,94.716,166.3,84.3,1
28.842,28.809,10.39853,15.13478,0.25,0.01,0.05,0.02,84.244,164.8,76.6,1
28.875,28.842,10.35046,15.14856,0.25,0.01,0.05,0.02,94.482,164.0,122.4,1
28.908,28.875,10.30227,15.16189,0.25,0.01,0.05,0.02,86.749,164.5,164.0,1
28.941,28.908,10.25401,15.17494,0.25,0.01,0.05,0.02,94.276,164.9,209.9,1
28.974,28.941,10.20585,15.18839,0.25,0.01,0.05,0.02,87.662,164.4,153.7,1
29.007,28.974,10.15754,15.2013,0.25,0.01,0.05,0.02,87.018,165.0,102.9,1
29.04,29.007,10.1094,15.21478,0.25,0.01,0.05,0.02,94.86,164.4,107.3,1
29.073,29.04,10.06082,15.22663,0.25,0.01,0.05,0.02,86.244,166.3,201.5,1
29.106,29.073,10.0126,15.23986,0.25,0.01,0.05,0.02,89.487,164.7,135.9,1
29.139,29.106,9.96429,15.25274,0.25,0.01,0.05,0.02,95.97,165.1,238.8,1
29.172,29.139,9.91577,15.2648,0.25,0.01,0.05,0.02,84.087,166.0,198.1,1
29.205,29.172,9.86727,15.27698,0.25,0.01,0.05,0.02,85.25,165.9,139.1,1
29.238,29.205,9.81866,15.28867,0.25,0.01,0.05,0.02,94.632,166.5,70.7,1
29.271,29.238,9.77032,15.30144,0.25,0.01,0.05,0.02,95.972,165.2,168.1,1
29.304,29.271,9.72223,15.31515,0.25,0.01,0.05,0.02,87.372,164.1,272.8,1
29.337,29.304,9.67384,15.32771,0.25,0.01,0.05,0.02,95.331,165.4,288.2,1
29.37,29.337,9.62573,15.34134,0.25,0.01,0.05,0.02,84.354,164.2,138.1,1
29.403,29.37,9.57724,15.35354,0.25,0.01,0.05,0.02,85.721,165.9,171.2,1
29.436,29.403,9.52908,15.36696,0.25,0.01,0.05,0.02,90.044,164.4,171.9,1
29.469,29.436,9.48067,15.3795,0.25,0.01,0.05,0.02,86.059,165.5,217.9,1
29.502,29.469,9.43256,15.39311,0.25,0.01,0.05,0.02,93.084,164.2,136.0,1
29.535,29.502,9.38417,15.4057,0.25,0.01,0.05,0.02,93.437,165.4,267.7,1
29.568,29.535,9.33629,15.42008,0.25,0.01,0.05,0.02,90.753,163.3,231.5,1
29.601,29.568,9.28802,15.43313,0.25,0.01,0.05,0.02,88.041,164.9,268.7,1
29.634,29.601,9.23956,15.44545,0.25,0.01,0.05,0.02,95.932,165.7,184.2,1
29.667,29.634,9.19119,15.4581,0.25,0.01,0.05,0.02,88.318,165.3,77.1,1
29.7,29.667,9.14283,15.47083,0.25,0.01,0.05,0.02,94.686,165.3,188.4,1
29.733,29.7,10.78114,18.61798,0.25,0.01,0.05,0.02,61.28,125,10250.8,1
29.766,29.733,10.67492,18.75641,0.25,0.01,0.05,0.02,48.943,130,6894.4,1
29.799,29.766,10.55705,18.88504,0.25,0.01,0.05,0.02,54.186,135,11193.4,1
29.832,29.799,10.42841,19.00292,0.25,0.01,0.05,0.02,57.082,140,7621.7,1
29.865,29.832,10.28999,19.10913,0.25,0.01,0.05,0.02,65.936,145,8160.8,1
29.898,29.865,10.14283,19.20288,0.25,0.01,0.05,0.02,54.971,150,7733.2,1
29.931,29.898,9.98807,19.28345,0.25,0.01,0.05,0.02,65.44,155,7390.1,1
29.964,29.931,9.82687,19.35022,0.25,0.01,0.05,0.02,68.004,160,7231.7,1
29.997,29.964,9.66047,19.40268,0.25,0.01,0.05,0.02,53.791,165,10981.9,1
30.03,29.997,9.49013,19.44045,0.25,0.01,0.05,0.02,66.202,170,6449.1,1
30.063,30.03,9.31715,19.46322,0.25,0.01,0.05,0.02,61.098,175,6963.2,1
30.096,30.063,9.14283,19.47083,0.25,0.01,0.05,0.02,51.987,180,10413.7,1
30.129,30.096,8.96852,19.46322,0.25,0.01,0.05,0.02,71.666,185,10296.2,1
30.162,30.129,8.79554,19.44045,0.25,0.01,0.05,0.02,68.892,190,10290.8,1
30.195,30.162,8.6252,19.40268,0.25,0.01,0.05,0.02,48.181,195,10753.5,1
30.228,30.195,8.45879,19.35022,0.25,0.01,0.05,0.02,63.812,200,6020.6,1
30.261,30.228,8.2976,19.28345,0.25,0.01,0.05,0.02,70.671,205,7660.9,1
30.294,30.261,8.14283,19.20288,0.25,0.01,0.05,0.02,62.152,210,8495.0,1
30.327,30.294,7.99568,19.10913,0.25,0.01,0.05,0.02,63.083,215,9352.1,1
30.36,30.327,7.85726,19.00292,0.25,0.01,0.05,0.02,68.877,220,11637.2,1
30.393,30.36,7.72862,18.88504,0.25,0.01,0.05,0.02,69.384,225,11122.4,1
30.426,30.393,7.61075,18.75641,0.25,0.01,0.05,0.02,56.324,230,9540.8,1
30.459,30.426,7.50453,18.61798,0.25,0.01,0.05,0.02,65.3,235,11335.0,1
30.492,30.459,7.41078,18.47083,0.25,0.01,0.05,0.02,56.199,240,6229.5,1
30.525,30.492,7.33022,18.31607,0.25,0.01,0.05,0.02,57.759,245,10737.7,1
30.558,30.525,7.26345,18.15487,0.25,0.01,0.05,0.02,48.104,250,10323.8,1
30.591,30.558,7.21098,17.98847,0.25,0.01,0.05,0.02,63.546,255,6689.4,1
30.624,30.591,7.17322,17.81813,0.25,0.01,0.05,0.02,58.727,260,11335.9,1
30.657,30.624,7.15044,17.64514,0.25,0.01,0.05,0.02,52.533,265,7671.1,1
30.69,30.657,7.14283,17.47083,0.25,0.01,0.05,0.02,65.193,270,10582.4,1
30.723,30.69,7.15044,17.29652,0.25,0.01,0.05,0.02,66.942,275,9776.7,1
30.756,30.723,7.17322,17.12353,0.25,0.01,0.05,0.02,69.404,280,10187.1,1
30.789,30.756,7.21098,16.95319,0.25,0.01,0.05,0.02,66.003,285,8506.9,1
30.822,30.789,7.26345,16.78679,0.25,0.01,0.05,0.02,59.249,290,10103.7,1
30.855,30.822,7.33022,16.62559,0.25,0.01,0.05,0.02,66.177,295,11149.0,1
30.888,30.855,7.41078,16.47083,0.25,0.01,0.05,0.02,50.414,300,9341.3,1
30.921,30.888,7.50453,16.32368,0.25,0.01,0.05,0.02,69.057,305,7559.7,1
30.954,30.921,7.61075,16.18526,0.25,0.01,0.05,0.02,50.877,310,7218.7,1
30.987,30.954,7.72862,16.05662,0.25,0.01,0.05,0.02,59.583,315,8274.0,1
31.02,30.987,7.85726,15.93874,0.25,0.01,0.05,0.02,61.915,320,10137.6,1
31.053,31.02,7.99568,15.83253,0.25,0.01,0.05,0.02,51.233,325,10717.8,1
31.086,31.053,8.14283,15.73878,0.25,0.01,0.05,0.02,58.31,330,10002.5,1
31.119,31.086,8.2976,15.65821,0.25,0.01,0.05,0.02,50.921,335,7379.2,1
31.152,31.119,8.45879,15.59145,0.25,0.01,0.05,0.02,58.35,340,11266.3,1
31.185,31.152,8.6252,15.53898,0.25,0.01,0.05,0.02,68.805,345,10544.2,1
31.218,31.185,8.79554,15.50121,0.25,0.01,0.05,0.02,54.836,350,9506.1,1
31.251,31.218,8.96852,15.47844,0.25,0.01,0.05,0.02,63.773,355,6918.7,1
31.284,31.251,9.14283,15.47083,0.25,0.01,0.05,0.02,52.408,0,6582.0,1
31.317,31.284,9.31715,15.47844,0.25,0.01,0.05,0.02,55.577,5,10317.3,1
31.35,31.317,9.49013,15.50121,0.25,0.01,0.05,0.02,71.489,10,11502.6,1
31.383,31.35,9.66047,15.53898,0.25,0.01,0.05,0.02,55.871,15,6410.9,1
31.416,31.383,9.82687,15.59145,0.25,0.01,0.05,0.02,55.498,20,8557.7,1
31.449,31.416,9.98807,15.65821,0.25,0.01,0.05,0.02,62.79,25,7008.4,1
31.482,31.449,10.14283,15.73878,0.25,0.01,0.05,0.02,64.641,30,9722.2,1
31.515,31.482,10.28999,15.83253,0.25,0.01,0.05,0.02,68.359,35,10114.5,1
31.548,31.515,10.42841,15.93874,0.25,0.01,0.05,0.02,56.934,40,7475.2,1
31.581,31.548,10.55705,16.05662,0.25,0.01,0.05,0.02,48.915,45,6871.3,1
31.614,31.581,10.67492,16.18526,0.25,0.01,0.05,0.02,56.159,50,7690.8,1
31.647,31.614,10.78114,16.32368,0.25,0.01,0.05,0.02,62.636,55,11831.5,1
31.68,31.647,10.87489,16.47083,0.25,0.01,0.05,0.02,60.806,60,9297.1,1
31.713,31.68,10.95545,16.62559,0.25,0.01,0.05,0.02,58.805,65,10953.5,1
31.746,31.713,11.02222,16.78679,0.25,0.01,0.05,0.02,61.388,70,7171.9,1
31.779,31.746,11.07469,16.95319,0.25,0.01,0.05,0.02,64.057,75,6805.3,1
31.812,31.779,11.11245,17.12353,0.25,0.01,0.05,0.02,59.029,80,6775.2,1
31.845,31.812,11.13522,17.29652,0.25,0.01,0.05,0.02,68.853,85,8023.4,1
31.878,31.845,11.14283,17.47083,0.25,0.01,0.05,0.02,64.172,90,7738.4,1
31.911,31.878,11.13522,17.64514,0.25,0.01,0.05,0.02,65.889,95,6895.0,1
31.944,31.911,11.11245,17.81813,0.25,0.01,0.05,0.02,53.324,100,7795.4,1
31.977,31.944,11.07469,17.98847,0.25,0.01,0.05,0.02,60.165,105,11931.8,1
32.01,31.977,11.02222,18.15487,0.25,0.01,0.05,0.02,70.397,110,10124.8,1
32.043,32.01,10.95545,18.31607,0.25,0.01,0.05,0.02,63.027,115,10322.8,1
32.076,32.043,10.87489,18.47083,0.25,0.01,0.05,0.02,59.805,120,7959.3,1
32.109,32.076,10.78114,18.61798,0.25,0.01,0.05,0.02,68.809,125,10779.0,1
32.142,32.109,10.67492,18.75641,0.25,0.01,0.05,0.02,52.424,130,10814.2,1
32.175,32.142,10.55705,18.88504,0.25,0.01,0.05,0.02,68.71,135,9830.2,1
32.208,32.175,10.42841,19.00292,0.25,0.01,0.05,0.02,63.346,140,10204.7,1
32.241,32.208,10.28999,19.10913,0.25,0.01,0.05,0.02,67.623,145,6902.7,1
32.274,32.241,10.14283,19.20288,0.25,0.01,0.05,0.02,51.722,150,10941.8,1
32.307,32.274,9.98807,19.28345,0.25,0.01,0.05,0.02,54.072,155,10746.2,1
32.34,32.307,9.82687,19.35022,0.25,0.01,0.05,0.02,66.033,160,11351.8,1
32.373,32.34,9.66047,19.40268,0.25,0.01,0.05,0.02,68.497,165,11935.0,1
32.406,32.373,9.49013,19.44045,0.25,0.01,0.05,0.02,60.24,170,7896.8,1
32.439,32.406,9.31715,19.46322,0.25,0.01,0.05,0.02,68.385,175,8376.6,1
32.472,32.439,9.14283,19.47083,0.25,0.01,0.05,0.02,57.034,180,6305.0,1
32.505,32.472,8.96852,19.46322,0.25,0.01,0.05,0.02,65.931,185,7036.3,1
32.538,32.505,8.79554,19.44045,0.25,0.01,0.05,0.02,49.622,190,7571.2,1
32.571,32.538,8.6252,19.40268,0.25,0.01,0.05,0.02,59.607,195,9348.9,1
32.604,32.571,8.45879,19.35022,0.25,0.01,0.05,0.02,51.686,200,10617.6,1
32.637,32.604,8.2976,19.28345,0.25,0.01,0.05,0.02,58.624,205,9067.9,1
32.67,32.637,8.14283,19.20288,0.25,0.01,0.05,0.02,61.517,210,7423.6,1
32.703,32.67,7.99568,19.10913,0.25,0.01,0.05,0.02,48.512,215,6617.7,1
32.736,32.703,7.85726,19.00292,0.25,0.01,0.05,0.02,61.177,220,9913.7,1
32.769,32.736,7.72862,18.88504,0.25,0.01,0.05,0.02,56.122,225,7346.1,1
32.802,32.769,7.61075,18.75641,0.25,0.01,0.05,0.02,58.316,230,8925.9,1
32.835,32.802,7.50453,18.61798,0.25,0.01,0.05,0.02,66.197,235,9895.4,1
32.868,32.835,7.41078,18.47083,0.25,0.01,0.05,0.02,67.051,240,10039.6,1
32.901,32.868,7.33022,18.31607,0.25,0.01,0.05,0.02,52.003,245,6671.7,1
32.934,32.901,7.26345,18.15487,0.25,0.01,0.05,0.02,65.177,250,7635.0,1
32.967,32.934,7.21098,17.98847,0.25,0.01,0.05,0.02,62.148,255,10569.8,1
33.0,32.967,7.17322,17.81813,0.25,0.01,0.05,0.02,51.415,260,7222.0,1
33.033,33.0,7.15044,17.64514,0.25,0.01,0.05,0.02,50.7,265,10718.5,1
33.066,33.033,7.14283,17.47083,0.25,0.01,0.05,0.02,68.567,270,9112.0,1
33.099,33.066,7.15044,17.29652,0.25,0.01,0.05,0.02,64.253,275,8343.2,1
33.132,33.099,7.17322,17.12353,0.25,0.01,0.05,0.02,62.022,280,8922.5,1
33.165,33.132,7.21098,16.95319,0.25,0.01,0.05,0.02,53.241,285,7262.0,1
33.198,33.165,7.26345,16.78679,0.25,0.01,0.05,0.02,60.016,290,10618.8,1
33.231,33.198,7.33022,16.62559,0.25,0.01,0.05,0.02,58.779,295,9980.8,1
33.264,33.231,7.41078,16.47083,0.25,0.01,0.05,0.02,54.757,300,11102.9,1
33.297,33.264,7.50453,16.32368,0.25,0.01,0.05,0.02,54.004,305,9695.6,1
33.33,33.297,7.61075,16.18526,0.25,0.01,0.05,0.02,54.07,310,10306.4,1
33.363,33.33,7.72862,16.05662,0.25,0.01,0.05,0.02,70.089,315,8992.1,1
33.396,33.363,7.85726,15.93874,0.25,0.01,0.05,0.02,57.802,320,8025.4,1
33.429,33.396,7.99568,15.83253,0.25,0.01,0.05,0.02,58.193,325,10617.6,1
33.462,33.429,8.14283,15.73878,0.25,0.01,0.05,0.02,63.489,330,9372.7,1
33.495,33.462,8.2976,15.65821,0.25,0.01,0.05,0.02,65.198,335,7237.1,1
33.528,33.495,8.45879,15.59145,0.25,0.01,0.05,0.02,63.87,340,7131.0,1
33.561,33.528,8.6252,15.53898,0.25,0.01,0.05,0.02,63.346,345,10160.5,1
33.594,33.561,8.79554,15.50121,0.25,0.01,0.05,0.02,49.245,350,9872.2,1
33.627,33.594,8.96852,15.47844,0.25,0.01,0.05,0.02,65.918,355,11292.6,1
33.66,33.627,9.14283,15.47083,0.25,0.01,0.05,0.02,56.409,0,11877.8,1
33.693,33.66,9.31715,15.47844,0.25,0.01,0.05,0.02,49.081,5,11101.1,1
33.726,33.693,9.49013,15.50121,0.25,0.01,0.05,0.02,53.787,10,9375.8,1
33.759,33.726,9.66047,15.53898,0.25,0.01,0.05,0.02,62.888,15,8036.3,1
33.792,33.759,9.82687,15.59145,0.25,0.01,0.05,0.02,50.567,20,9027.5,1
33.825,33.792,9.98807,15.65821,0.25,0.01,0.05,0.02,66.219,25,10700.8,1
33.858,33.825,10.14283,15.73878,0.25,0.01,0.05,0.02,54.627,30,10583.9,1
33.891,33.858,10.28999,15.83253,0.25,0.01,0.05,0.02,57.421,35,10178.4,1
33.924,33.891,10.42841,15.93874,0.25,0.01,0.05,0.02,71.875,40,11211.1,1
33.957,33.924,10.55705,16.05662,0.25,0.01,0.05,0.02,68.831,45,10630.3,1
33.99,33.957,10.67492,16.18526,0.25,0.01,0.05,0.02,71.178,50,11543.4,1
34.023,33.99,10.78114,16.32368,0.25,0.01,0.05,0.02,59.094,55,9940.5,1
34.056,34.023,10.87489,16.47083,0.25,0.01,0.05,0.02,62.653,60,7081.9,1
34.089,34.056,10.95545,16.62559,0.25,0.01,0.05,0.02,67.772,65,10741.9,1
34.122,34.089,11.02222,16.78679,0.25,0.01,0.05,0.02,61.737,70,7755.0,1
34.155,34.122,11.07469,16.95319,0.25,0.01,0.05,0.02,50.639,75,9021.9,1
34.188,34.155,11.11245,17.12353,0.25,0.01,0.05,0.02,52.191,80,8292.2,1
34.221,34.188,11.13522,17.29652,0.25,0.01,0.05,0.02,69.64,85,6030.3,1
34.254,34.221,11.14283,17.47083,0.25,0.01,0.05,0.02,64.256,90,11263.5,1
34.287,34.254,11.13522,17.64514,0.25,0.01,0.05,0.02,65.114,95,10316.5,1
34.32,34.287,11.11245,17.81813,0.25,0.01,0.05,0.02,65.35,100,11544.1,1
34.353,34.32,11.07469,17.98847,0.25,0.01,0.05,0.02,62.781,105,8577.9,1
34.386,34.353,11.02222,18.15487,0.25,0.01,0.05,0.02,62.77,110,11153.4,1
34.419,34.386,10.95545,18.31607,0.25,0.01,0.05,0.02,63.367,115,11004.8,1
34.452,34.419,10.87489,18.47083,0.25,0.01,0.05,0.02,56.979,120,9489.1,1
34.485,34.452,10.78114,18.61798,0.25,0.01,0.05,0.02,68.538,125,11477.2,1
34.518,34.485,10.67492,18.75641,0.25,0.01,0.05,0.02,49.487,130,6858.8,1
34.551,34.518,10.55705,18.88504,0.25,0.01,0.05,0.02,50.422,135,10135.3,1
34.584,34.551,10.42841,19.00292,0.25,0.01,0.05,0.02,70.139,140,7836.6,1
34.617,34.584,10.28999,19.10913,0.25,0.01,0.05,0.02,53.419,145,6717.2,1
34.65,34.617,10.14283,19.20288,0.25,0.01,0.05,0.02,51.047,150,11545.9,1
34.683,34.65,10.14357,19.2023,0.25,0.01,0.05,0.02,3.889,279.6,934.9,1
34.716,34.683,10.14171,19.20225,0.25,0.01,0.05,0.02,1.822,285.2,813.4,1
34.749,34.716,10.14097,19.20373,0.25,0.01,0.05,0.02,3.319,273.7,690.1,1
34.782,34.749,10.14168,19.2045,0.25,0.01,0.05,0.02,1.198,310.1,330.6,1
34.815,34.782,10.14085,19.20423,0.25,0.01,0.05,0.02,1.411,326.1,1347.6,1
34.848,34.815,10.14119,19.20342,0.25,0.01,0.05,0.02,1.881,312.6,750.4,1
34.881,34.848,10.14159,19.20254,0.25,0.01,0.05,0.02,2.693,342.9,1399.6,1
34.914,34.881,10.14234,19.20345,0.25,0.01,0.05,0.02,1.376,34.8,312.3,1
34.947,34.914,10.14161,19.20217,0.25,0.01,0.05,0.02,0.665,354.5,1519.2,1
34.98,34.947,10.14177,19.20228,0.25,0.01,0.05,0.02,2.155,24.5,1079.2,1
35.013,34.98,10.14243,19.20345,0.25,0.01,0.05,0.02,3.183,45.8,603.6,1
35.046,35.013,10.1432,19.20346,0.25,0.01,0.05,0.02,2.523,6.1,1695.7,1
35.079,35.046,10.1437,19.20343,0.25,0.01,0.05,0.02,0.778,18.4,360.6,1
35.112,35.079,10.1449,19.20375,0.25,0.01,0.05,0.02,1.45,351.5,1201.5,1
35.145,35.112,10.14433,19.20277,0.25,0.01,0.05,0.02,3.961,38.3,809.7,1
35.178,35.145,10.14422,19.2027,0.25,0.01,0.05,0.02,3.637,51.1,641.1,1
35.211,35.178,10.14404,19.20155,0.25,0.01,0.05,0.02,3.444,52.9,571.2,1
35.244,35.211,10.14405,19.20192,0.25,0.01,0.05,0.02,1.431,27.4,905.6,1
35.277,35.244,10.14549,19.20246,0.25,0.01,0.05,0.02,0.605,0.8,468.1,1
35.31,35.277,10.14489,19.20357,0.25,0.01,0.05,0.02,3.526,351.4,736.9,1
35.343,35.31,10.14558,19.20324,0.25,0.01,0.05,0.02,1.394,305.6,1769.5,1
35.376,35.343,10.14593,19.20442,0.25,0.01,0.05,0.02,4.487,318.7,1108.2,1
35.409,35.376,10.14492,19.20468,0.25,0.01,0.05,0.02,2.975,330.6,861.3,1
35.442,35.409,10.14372,19.20532,0.25,0.01,0.05,0.02,2.873,318.0,1511.5,1
35.475,35.442,10.14402,19.20454,0.25,0.01,0.05,0.02,3.016,284.3,349.9,1
35.508,35.475,10.14332,19.20391,0.25,0.01,0.05,0.02,3.358,275.0,1451.7,1
35.541,35.508,10.14274,19.20346,0.25,0.01,0.05,0.02,0.853,283.1,1072.9,1
35.574,35.541,10.14272,19.20319,0.25,0.01,0.05,0.02,4.689,269.4,1482.0,1
35.607,35.574,10.14143,19.20359,0.25,0.01,0.05,0.02,3.339,282.7,535.4,1
35.64,35.607,10.14074,19.20306,0.25,0.01,0.05,0.02,2.331,235.8,1106.3,1
35.673,35.64,10.13881,19.2037,0.25,0.01,0.05,0.02,4.663,264.6,1698.0,1
35.706,35.673,10.13868,19.20388,0.25,0.01,0.05,0.02,4.442,280.7,630.3,1
35.739,35.706,10.14114,19.20278,0.25,0.01,0.05,0.02,4.599,307.5,1710.6,1
35.772,35.739,10.14103,19.20355,0.25,0.01,0.05,0.02,1.517,299.8,713.1,1
35.805,35.772,10.14095,19.20281,0.25,0.01,0.05,0.02,4.203,256.5,1540.5,1
35.838,35.805,10.14027,19.2016,0.25,0.01,0.05,0.02,4.762,244.1,740.5,1
35.871,35.838,10.13873,19.20166,0.25,0.01,0.05,0.02,1.416,204.4,1363.8,1
35.904,35.871,10.13861,19.20161,0.25,0.01,0.05,0.02,0.917,145.8,517.9,1
35.937,35.904,10.1376,19.20347,0.25,0.01,0.05,0.02,0.629,101.2,1348.1,1
35.97,35.937,10.13811,19.20556,0.25,0.01,0.05,0.02,3.149,103.8,1367.9,1
36.003,35.97,10.13609,19.20531,0.25,0.01,0.05,0.02,3.798,108.8,711.4,1
36.036,36.003,10.13724,19.2045,0.25,0.01,0.05,0.02,4.703,81.7,1569.8,1
36.069,36.036,10.13624,19.20444,0.25,0.01,0.05,0.02,2.086,56.4,1791.2,1
36.102,36.069,10.13647,19.20398,0.25,0.01,0.05,0.02,2.714,95.5,1628.2,1
36.135,36.102,10.13579,19.20587,0.25,0.01,0.05,0.02,0.93,92.0,1750.9,1
36.168,36.135,10.13571,19.20447,0.25,0.01,0.05,0.02,4.167,50.8,1599.7,1
36.201,36.168,10.13543,19.20439,0.25,0.01,0.05,0.02,2.764,92.4,896.1,1
36.234,36.201,10.1376,19.2051,0.25,0.01,0.05,0.02,2.431,61.4,602.6,1
36.267,36.234,10.138,19.20473,0.25,0.01,0.05,0.02,1.059,42.1,685.6,1
36.3,36.267,10.13796,19.2057,0.25,0.01,0.05,0.02,0.714,350.3,1116.4,1
36.333,36.3,10.13682,19.20614,0.25,0.01,0.05,0.02,2.074,41.3,793.4,1
36.366,36.333,10.13771,19.20534,0.25,0.01,0.05,0.02,3.921,56.0,342.2,1
36.399,36.366,10.13665,19.20632,0.25,0.01,0.05,0.02,2.875,10.0,714.7,1
36.432,36.399,10.13642,19.20531,0.25,0.01,0.05,0.02,4.648,325.1,1257.8,1
36.465,36.432,10.13783,19.20602,0.25,0.01,0.05,0.02,3.807,330.6,857.3,1
36.498,36.465,10.13806,19.2057,0.25,0.01,0.05,0.02,2.385,293.6,1503.7,1
36.531,36.498,10.13861,19.20361,0.25,0.01,0.05,0.02,3.66,314.3,1196.9,1
36.564,36.531,10.13778,19.2034,0.25,0.01,0.05,0.02,4.353,297.0,940.9,1
36.597,36.564,10.1365,19.20324,0.25,0.01,0.05,0.02,4.036,306.8,1295.7,1
36.63,36.597,10.13733,19.20322,0.25,0.01,0.05,0.02,3.248,325.8,662.1,1
36.663,36.63,10.13676,19.20336,0.25,0.01,0.05,0.02,3.828,313.3,1484.4,1
36.696,36.663,10.13721,19.20413,0.25,0.01,0.05,0.02,1.991,10.8,1607.7,1
36.729,36.696,10.13695,19.20389,0.25,0.01,0.05,0.02,1.998,325.1,838.7,1
36.762,36.729,10.13764,19.20499,0.25,0.01,0.05,0.02,3.884,13.8,855.2,1
36.795,36.762,10.13684,19.20445,0.25,0.01,0.05,0.02,3.133,9.9,631.7,1
36.828,36.795,10.1387,19.20537,0.25,0.01,0.05,0.02,1.242,32.5,635.1,1
36.861,36.828,10.13878,19.20673,0.25,0.01,0.05,0.02,1.515,340.4,481.6,1
36.894,36.861,10.14049,19.20733,0.25,0.01,0.05,0.02,1.57,31.1,820.2,1
36.927,36.894,10.14062,19.2078,0.25,0.01,0.05,0.02,4.069,84.3,637.2,1
36.96,36.927,10.14031,19.20869,0.25,0.01,0.05,0.02,0.758,107.4,1656.1,1
36.993,36.96,10.14231,19.20746,0.25,0.01,0.05,0.02,4.071,69.7,977.8,1
37.026,36.993,10.14368,19.20759,0.25,0.01,0.05,0.02,3.568,116.2,1516.7,1
37.059,37.026,10.14261,19.20907,0.25,0.01,0.05,0.02,3.148,100.2,1525.7,1
37.092,37.059,10.14349,19.2093,0.25,0.01,0.05,0.02,1.849,42.6,824.7,1
37.125,37.092,10.14454,19.2094,0.25,0.01,0.05,0.02,3.824,23.2,1768.9,1
37.158,37.125,10.14481,19.20992,0.25,0.01,0.05,0.02,2.05,326.4,829.6,1
37.191,37.158,10.1469,19.21144,0.25,0.01,0.05,0.02,0.885,287.5,813.9,1
37.224,37.191,10.14713,19.21115,0.25,0.01,0.05,0.02,4.509,325.0,414.8,1
37.257,37.224,10.14629,19.20986,0.25,0.01,0.05,0.02,3.45,292.6,813.8,1
37.29,37.257,10.14674,19.211,0.25,0.01,0.05,0.02,3.758,239.2,1008.0,1
37.323,37.29,10.14641,19.2105,0.25,0.01,0.05,0.02,0.792,213.2,1315.5,1
37.356,37.323,10.14579,19.21242,0.25,0.01,0.05,0.02,4.351,192.0,1057.9,1
37.389,37.356,10.14456,19.2142,0.25,0.01,0.05,0.02,4.355,244.2,1088.2,1
37.422,37.389,10.14386,19.21303,0.25,0.01,0.05,0.02,1.308,269.9,704.3,1
37.455,37.422,10.14569,19.21524,0.25,0.01,0.05,0.02,1.381,239.0,987.2,1
37.488,37.455,10.146,19.21566,0.25,0.01,0.05,0.02,4.705,210.6,962.0,1
37.521,37.488,10.14745,19.21666,0.25,0.01,0.05,0.02,3.263,263.2,579.8,1
37.554,37.521,10.1488,19.21718,0.25,0.01,0.05,0.02,3.011,279.3,746.7,1
37.587,37.554,10.14758,19.21672,0.25,0.01,0.05,0.02,4.772,263.3,419.9,1
37.62,37.587,10.14782,19.21568,0.25,0.01,0.05,0.02,3.601,272.0,1514.8,1
37.653,37.62,10.14853,19.21482,0.25,0.01,0.05,0.02,1.321,308.3,462.1,1
37.686,37.653,10.14863,19.21565,0.25,0.01,0.05,0.02,1.559,267.7,1650.5,1
37.719,37.686,10.14899,19.21485,0.25,0.01,0.05,0.02,4.185,291.2,704.5,1
37.752,37.719,10.14617,19.21295,0.25,0.01,0.05,0.02,1.275,331.4,1657.0,1
37.785,37.752,10.14536,19.2129,0.25,0.01,0.05,0.02,3.393,319.1,1342.5,1
37.818,37.785,10.14438,19.21274,0.25,0.01,0.05,0.02,2.639,340.9,1059.8,1
37.851,37.818,10.14453,19.21284,0.25,0.01,0.05,0.02,2.546,324.7,607.6,1
37.884,37.851,10.1461,19.21266,0.25,0.01,0.05,0.02,1.189,3.9,1174.1,1
37.917,37.884,10.14507,19.2129,0.25,0.01,0.05,0.02,1.154,349.7,933.3,1
37.95,37.917,10.14456,19.21267,0.25,0.01,0.05,0.02,3.993,313.8,1118.5,1
37.983,37.95,10.14662,19.21289,0.25,0.01,0.05,0.02,4.533,262.6,541.1,1
38.016,37.983,10.14524,19.21311,0.25,0.01,0.05,0.02,3.955,319.8,1779.9,1
38.049,38.016,10.145,19.21409,0.25,0.01,0.05,0.02,2.592,10.1,1635.0,1
38.082,38.049,10.1432,19.21301,0.25,0.01,0.05,0.02,3.16,352.2,633.6,1
38.115,38.082,10.14052,19.21332,0.25,0.01,0.05,0.02,1.398,312.9,1065.8,1
38.148,38.115,10.14025,19.21631,0.25,0.01,0.05,0.02,0.975,310.2,1279.9,1
38.181,38.148,10.13982,19.21656,0.25,0.01,0.05,0.02,4.355,255.4,386.8,1
38.214,38.181,10.14047,19.21458,0.25,0.01,0.05,0.02,1.623,247.1,736.6,1
38.247,38.214,10.14121,19.2148,0.25,0.01,0.05,0.02,2.865,275.1,1431.8,1
38.28,38.247,10.14199,19.214,0.25,0.01,0.05,0.02,1.139,231.7,647.2,1
38.313,38.28,10.14192,19.21339,0.25,0.01,0.05,0.02,3.341,207.5,1406.7,1
38.346,38.313,10.14269,19.21322,0.25,0.01,0.05,0.02,1.881,173.3,690.2,1
38.379,38.346,10.14334,19.21189,0.25,0.01,0.05,0.02,1.049,135.4,1369.2,1
38.412,38.379,10.14441,19.21154,0.25,0.01,0.05,0.02,0.755,86.3,1127.6,1
38.445,38.412,10.14499,19.2111,0.25,0.01,0.05,0.02,2.591,63.0,1020.5,1
38.478,38.445,10.1446,19.21135,0.25,0.01,0.05,0.02,2.577,64.8,1728.0,1
38.511,38.478,10.14676,19.21192,0.25,0.01,0.05,0.02,3.598,24.5,1096.3,1
38.544,38.511,10.14583,19.2098,0.25,0.01,0.05,0.02,2.66,37.3,654.5,1
38.577,38.544,10.14583,19.20999,0.25,0.01,0.05,0.02,2.247,32.6,420.0,1
38.61,38.577,10.14706,19.21068,0.25,0.01,0.05,0.02,3.985,56.1,646.1,1
38.643,38.61,10.14745,19.20996,0.25,0.01,0.05,0.02,1.81,90.7,1735.1,1
38.676,38.643,10.14615,19.20763,0.25,0.01,0.05,0.02,2.465,42.0,1694.6,1
38.709,38.676,10.14537,19.20821,0.25,0.01,0.05,0.02,4.23,62.0,1380.3,1
38.742,38.709,10.14401,19.20704,0.25,0.01,0.05,0.02,2.015,9.5,1068.5,1
38.775,38.742,10.14449,19.20645,0.25,0.01,0.05,0.02,4.684,52.6,1799.7,1
38.808,38.775,10.14396,19.20433,0.25,0.01,0.05,0.02,1.967,359.4,1734.6,1
38.841,38.808,10.14392,19.20269,0.25,0.01,0.05,0.02,1.496,339.7,1497.4,1
38.874,38.841,10.14464,19.2017,0.25,0.01,0.05,0.02,2.637,343.9,1761.2,1
38.907,38.874,10.14506,19.20189,0.25,0.01,0.05,0.02,3.19,37.7,889.2,1
38.94,38.907,10.14305,19.2016,0.25,0.01,0.05,0.02,2.93,54.0,426.7,1
38.973,38.94,10.14193,19.20291,0.25,0.01,0.05,0.02,3.922,23.0,1080.6,1
39.006,38.973,10.14252,19.20351,0.25,0.01,0.05,0.02,2.197,62.8,1502.8,1
39.039,39.006,10.14274,19.20302,0.25,0.01,0.05,0.02,2.951,69.9,1583.0,1
39.072,39.039,10.14107,19.20291,0.25,0.01,0.05,0.02,0.639,20.9,931.8,1
39.105,39.072,10.14118,19.20312,0.25,0.01,0.05,0.02,1.075,16.8,550.4,1
39.138,39.105,10.13997,19.20347,0.25,0.01,0.05,0.02,2.706,14.5,306.9,1
39.171,39.138,10.13999,19.20587,0.25,0.01,0.05,0.02,1.923,315.4,544.5,1
39.204,39.171,10.14099,19.20687,0.25,0.01,0.05,0.02,1.993,258.1,1597.4,1
39.237,39.204,10.14297,19.20543,0.25,0.01,0.05,0.02,1.883,268.2,1576.8,1
39.27,39.237,10.1422,19.20545,0.25,0.01,0.05,0.02,2.955,282.7,1131.8,1
39.303,39.27,10.1411,19.20571,0.25,0.01,0.05,0.02,0.628,332.0,1160.6,1
39.336,39.303,10.13871,19.20694,0.25,0.01,0.05,0.02,4.113,330.6,976.5,1
39.369,39.336,10.14139,19.20744,0.25,0.01,0.05,0.02,1.21,303.6,1586.6,1
39.402,39.369,10.14101,19.20866,0.25,0.01,0.05,0.02,4.388,1.5,926.8,1
39.435,39.402,10.14059,19.20817,0.25,0.01,0.05,0.02,3.794,306.8,335.6,1
39.468,39.435,10.14146,19.20817,0.25,0.01,0.05,0.02,0.823,294.0,680.3,1
39.501,39.468,10.14169,19.20789,0.25,0.01,0.05,0.02,3.97,256.6,1043.8,1
39.534,39.501,10.14271,19.20845,0.25,0.01,0.05,0.02,0.886,213.6,434.7,1
39.567,39.534,10.14316,19.208,0.25,0.01,0.05,0.02,4.068,172.9,367.9,1
39.6,39.567,10.14175,19.20891,0.25,0.01,0.05,0.02,2.096,163.1,971.3,1
